"Participante","Resposta_C","Resposta_N","Item","Cond","Lista","Grupo"
"PB1","altamente aceitavel","5","2","Top","B","PB"
"PB1","neutra","3","4","ChinSemIntro","B","PB"
"PB1","neutra","3","16","ChinSemIntro","B","PB"
"PB1","neutra","3","13","ChinSemIntro","B","PB"
"PB1","altamente aceitavel","5","20","Top","B","PB"
"PB1","altamente aceitavel","5","14","Top","B","PB"
"PB1","neutra","3","7","ChinSemIntro","B","PB"
"PB1","inaceitavel","2","19","ChinSemIntro","B","PB"
"PB1","altamente aceitavel","5","15","ChinComIntro","B","PB"
"PB1","altamente aceitavel","5","24","ChinComIntro","B","PB"
"PB1","aceitavel","4","1","ChinSemIntro","B","PB"
"PB1","altamente aceitavel","5","11","Top","B","PB"
"PB1","altamente aceitavel","5","18","ChinComIntro","B","PB"
"PB1","aceitavel","4","8","Top","B","PB"
"PB1","inaceitavel","2","10","ChinSemIntro","B","PB"
"PB1","aceitavel","4","9","ChinComIntro","B","PB"
"PB1","altamente aceitavel","5","12","ChinComIntro","B","PB"
"PB1","neutra","3","5","Top","B","PB"
"PB1","aceitavel","4","6","ChinComIntro","B","PB"
"PB1","neutra","3","23","Top","B","PB"
"PB1","inaceitavel","2","22","ChinSemIntro","B","PB"
"PB1","altamente aceitavel","5","17","Top","B","PB"
"PB1","altamente aceitavel","5","3","ChinComIntro","B","PB"
"PB1","altamente aceitavel","5","21","ChinComIntro","B","PB"
"PB2","altamente aceitavel","5","14","ChinComIntro","C","PB"
"PB2","altamente aceitavel","5","3","ChinSemIntro","C","PB"
"PB2","aceitavel","4","11","ChinComIntro","C","PB"
"PB2","neutra","3","7","Top","C","PB"
"PB2","altamente aceitavel","5","22","Top","C","PB"
"PB2","altamente aceitavel","5","10","Top","C","PB"
"PB2","altamente aceitavel","5","6","ChinSemIntro","C","PB"
"PB2","altamente aceitavel","5","24","ChinSemIntro","C","PB"
"PB2","neutra","3","19","Top","C","PB"
"PB2","aceitavel","4","23","ChinComIntro","C","PB"
"PB2","aceitavel","4","1","Top","C","PB"
"PB2","neutra","3","9","ChinSemIntro","C","PB"
"PB2","neutra","3","5","ChinComIntro","C","PB"
"PB2","neutra","3","13","Top","C","PB"
"PB2","aceitavel","4","21","ChinSemIntro","C","PB"
"PB2","altamente aceitavel","5","16","Top","C","PB"
"PB2","altamente aceitavel","5","20","ChinComIntro","C","PB"
"PB2","altamente aceitavel","5","15","ChinSemIntro","C","PB"
"PB2","aceitavel","4","8","ChinComIntro","C","PB"
"PB2","altamente aceitavel","5","12","ChinSemIntro","C","PB"
"PB2","neutra","3","18","ChinSemIntro","C","PB"
"PB2","neutra","3","17","ChinComIntro","C","PB"
"PB2","altamente aceitavel","5","4","Top","C","PB"
"PB3","altamente aceitavel","5","2","ChinComIntro","C","PB"
"PB3","altamente aceitavel","5","5","ChinSemIntro","A","PB"
"PB3","altamente aceitavel","5","19","ChinComIntro","A","PB"
"PB3","altamente aceitavel","5","12","Top","A","PB"
"PB3","altamente aceitavel","5","6","Top","A","PB"
"PB3","aceitavel","4","11","ChinSemIntro","A","PB"
"PB3","altamente aceitavel","5","21","Top","A","PB"
"PB3","aceitavel","4","8","ChinSemIntro","A","PB"
"PB3","altamente aceitavel","5","18","Top","A","PB"
"PB3","altamente aceitavel","5","16","ChinComIntro","A","PB"
"PB3","altamente aceitavel","5","4","ChinComIntro","A","PB"
"PB3","aceitavel","4","17","ChinSemIntro","A","PB"
"PB3","altamente aceitavel","5","2","ChinSemIntro","A","PB"
"PB3","altamente aceitavel","5","9","Top","A","PB"
"PB3","aceitavel","4","15","Top","A","PB"
"PB3","altamente aceitavel","5","1","ChinComIntro","A","PB"
"PB3","aceitavel","4","10","ChinComIntro","A","PB"
"PB3","altamente aceitavel","5","7","ChinComIntro","A","PB"
"PB3","altamente aceitavel","5","23","ChinSemIntro","A","PB"
"PB3","altamente aceitavel","5","13","ChinComIntro","A","PB"
"PB3","altamente aceitavel","5","24","Top","A","PB"
"PB3","altamente aceitavel","5","3","Top","A","PB"
"PB3","altamente aceitavel","5","22","ChinComIntro","A","PB"
"PB3","altamente aceitavel","5","20","ChinSemIntro","A","PB"
"PB3","altamente aceitavel","5","14","ChinSemIntro","A","PB"
"PB4","aceitavel","4","12","ChinComIntro","B","PB"
"PB4","altamente aceitavel","5","8","Top","B","PB"
"PB4","altamente aceitavel","5","9","ChinComIntro","B","PB"
"PB4","aceitavel","4","23","Top","B","PB"
"PB4","aceitavel","4","24","ChinComIntro","B","PB"
"PB4","neutra","3","10","ChinSemIntro","B","PB"
"PB4","aceitavel","4","16","ChinSemIntro","B","PB"
"PB4","altamente aceitavel","5","2","Top","B","PB"
"PB4","aceitavel","4","18","ChinComIntro","B","PB"
"PB4","altamente aceitavel","5","13","ChinSemIntro","B","PB"
"PB4","aceitavel","4","14","Top","B","PB"
"PB4","aceitavel","4","1","ChinSemIntro","B","PB"
"PB4","neutra","3","5","Top","B","PB"
"PB4","aceitavel","4","22","ChinSemIntro","B","PB"
"PB4","aceitavel","4","11","Top","B","PB"
"PB4","altamente aceitavel","5","3","ChinComIntro","B","PB"
"PB4","altamente aceitavel","5","15","ChinComIntro","B","PB"
"PB4","aceitavel","4","4","ChinSemIntro","B","PB"
"PB4","aceitavel","4","19","ChinSemIntro","B","PB"
"PB4","altamente aceitavel","5","17","Top","B","PB"
"PB4","aceitavel","4","21","ChinComIntro","B","PB"
"PB4","altamente aceitavel","5","6","ChinComIntro","B","PB"
"PB4","aceitavel","4","20","Top","B","PB"
"PB4","altamente aceitavel","5","7","ChinSemIntro","B","PB"
"PB5","altamente aceitavel","5","24","ChinComIntro","B","PB"
"PB5","altamente aceitavel","5","2","Top","B","PB"
"PB5","inaceitavel","2","10","ChinSemIntro","B","PB"
"PB5","aceitavel","4","18","ChinComIntro","B","PB"
"PB5","altamente aceitavel","5","3","ChinComIntro","B","PB"
"PB5","aceitavel","4","1","ChinSemIntro","B","PB"
"PB5","aceitavel","4","22","ChinSemIntro","B","PB"
"PB5","aceitavel","4","16","ChinSemIntro","B","PB"
"PB5","neutra","3","7","ChinSemIntro","B","PB"
"PB5","altamente aceitavel","5","5","Top","B","PB"
"PB5","aceitavel","4","4","ChinSemIntro","B","PB"
"PB5","altamente aceitavel","5","15","ChinComIntro","B","PB"
"PB5","altamente aceitavel","5","21","ChinComIntro","B","PB"
"PB5","aceitavel","4","23","Top","B","PB"
"PB5","aceitavel","4","17","Top","B","PB"
"PB5","altamente aceitavel","5","14","Top","B","PB"
"PB5","altamente aceitavel","5","11","Top","B","PB"
"PB5","neutra","3","19","ChinSemIntro","B","PB"
"PB5","neutra","3","13","ChinSemIntro","B","PB"
"PB5","altamente aceitavel","5","6","ChinComIntro","B","PB"
"PB5","altamente aceitavel","5","12","ChinComIntro","B","PB"
"PB5","aceitavel","4","20","Top","B","PB"
"PB5","altamente aceitavel","5","8","Top","B","PB"
"PB5","aceitavel","4","9","ChinComIntro","B","PB"
"PB6","aceitavel","4","1","Top","C","PB"
"PB6","altamente aceitavel","5","14","ChinComIntro","C","PB"
"PB6","altamente aceitavel","5","22","Top","C","PB"
"PB6","altamente aceitavel","5","12","ChinSemIntro","C","PB"
"PB6","neutra","3","10","Top","C","PB"
"PB6","altamente aceitavel","5","23","ChinComIntro","C","PB"
"PB6","altamente aceitavel","5","20","ChinComIntro","C","PB"
"PB6","aceitavel","4","5","ChinComIntro","C","PB"
"PB6","altamente aceitavel","5","21","ChinSemIntro","C","PB"
"PB6","aceitavel","4","7","Top","C","PB"
"PB6","aceitavel","4","18","ChinSemIntro","C","PB"
"PB6","inaceitavel","2","4","Top","C","PB"
"PB6","aceitavel","4","11","ChinComIntro","C","PB"
"PB6","altamente aceitavel","5","16","Top","C","PB"
"PB6","altamente aceitavel","5","8","ChinComIntro","C","PB"
"PB6","aceitavel","4","6","ChinSemIntro","C","PB"
"PB6","aceitavel","4","24","ChinSemIntro","C","PB"
"PB6","aceitavel","4","2","ChinComIntro","C","PB"
"PB6","aceitavel","4","15","ChinSemIntro","C","PB"
"PB6","neutra","3","17","ChinComIntro","C","PB"
"PB6","neutra","3","13","Top","C","PB"
"PB6","aceitavel","4","19","Top","C","PB"
"PB6","aceitavel","4","3","ChinSemIntro","C","PB"
"PB6","altamente aceitavel","5","9","ChinSemIntro","C","PB"
"PB7","aceitavel","4","3","ChinComIntro","B","PB"
"PB7","altamente aceitavel","5","7","ChinSemIntro","B","PB"
"PB7","altamente aceitavel","5","15","ChinComIntro","B","PB"
"PB7","altamente aceitavel","5","10","ChinSemIntro","B","PB"
"PB7","aceitavel","4","11","Top","B","PB"
"PB7","altamente aceitavel","5","8","Top","B","PB"
"PB7","aceitavel","4","9","ChinComIntro","B","PB"
"PB7","altamente aceitavel","5","22","ChinSemIntro","B","PB"
"PB7","altamente aceitavel","5","23","Top","B","PB"
"PB7","altamente aceitavel","5","5","Top","B","PB"
"PB7","altamente aceitavel","5","24","ChinComIntro","B","PB"
"PB7","altamente aceitavel","5","6","ChinComIntro","B","PB"
"PB7","aceitavel","4","17","Top","B","PB"
"PB7","altamente aceitavel","5","2","Top","B","PB"
"PB7","aceitavel","4","19","ChinSemIntro","B","PB"
"PB7","altamente aceitavel","5","20","Top","B","PB"
"PB7","altamente aceitavel","5","13","ChinSemIntro","B","PB"
"PB7","altamente aceitavel","5","14","Top","B","PB"
"PB7","aceitavel","4","4","ChinSemIntro","B","PB"
"PB7","aceitavel","4","12","ChinComIntro","B","PB"
"PB7","altamente aceitavel","5","18","ChinComIntro","B","PB"
"PB7","altamente aceitavel","5","1","ChinSemIntro","B","PB"
"PB7","altamente aceitavel","5","16","ChinSemIntro","B","PB"
"PB7","aceitavel","4","21","ChinComIntro","B","PB"
"PB8","altamente aceitavel","5","22","ChinSemIntro","B","PB"
"PB8","aceitavel","4","2","Top","B","PB"
"PB8","altamente aceitavel","5","1","ChinSemIntro","B","PB"
"PB8","altamente aceitavel","5","10","ChinSemIntro","B","PB"
"PB8","altamente aceitavel","5","4","ChinSemIntro","B","PB"
"PB8","altamente aceitavel","5","18","ChinComIntro","B","PB"
"PB8","altamente aceitavel","5","7","ChinSemIntro","B","PB"
"PB8","altamente aceitavel","5","13","ChinSemIntro","B","PB"
"PB8","altamente aceitavel","5","5","Top","B","PB"
"PB8","altamente aceitavel","5","11","Top","B","PB"
"PB8","altamente aceitavel","5","6","ChinComIntro","B","PB"
"PB8","altamente aceitavel","5","12","ChinComIntro","B","PB"
"PB8","inaceitavel","2","15","ChinComIntro","B","PB"
"PB8","altamente aceitavel","5","23","Top","B","PB"
"PB8","altamente aceitavel","5","9","ChinComIntro","B","PB"
"PB8","altamente aceitavel","5","14","Top","B","PB"
"PB8","altamente aceitavel","5","21","ChinComIntro","B","PB"
"PB8","altamente aceitavel","5","17","Top","B","PB"
"PB8","altamente aceitavel","5","8","Top","B","PB"
"PB8","altamente aceitavel","5","19","ChinSemIntro","B","PB"
"PB8","altamente aceitavel","5","3","ChinComIntro","B","PB"
"PB8","altamente aceitavel","5","16","ChinSemIntro","B","PB"
"PB8","altamente aceitavel","5","20","Top","B","PB"
"PB8","altamente aceitavel","5","24","ChinComIntro","B","PB"
"PB9","altamente aceitavel","5","23","ChinComIntro","C","PB"
"PB9","altamente aceitavel","5","24","ChinSemIntro","C","PB"
"PB9","altamente aceitavel","5","10","Top","C","PB"
"PB9","altamente aceitavel","5","7","Top","C","PB"
"PB9","altamente aceitavel","5","13","Top","C","PB"
"PB9","altamente aceitavel","5","14","ChinComIntro","C","PB"
"PB9","altamente aceitavel","5","3","ChinSemIntro","C","PB"
"PB9","aceitavel","4","18","ChinSemIntro","C","PB"
"PB9","altamente aceitavel","5","1","Top","C","PB"
"PB9","altamente aceitavel","5","2","ChinComIntro","C","PB"
"PB9","altamente aceitavel","5","6","ChinSemIntro","C","PB"
"PB9","altamente aceitavel","5","11","ChinComIntro","C","PB"
"PB9","altamente aceitavel","5","8","ChinComIntro","C","PB"
"PB9","altamente aceitavel","5","12","ChinSemIntro","C","PB"
"PB9","altamente aceitavel","5","19","Top","C","PB"
"PB9","altamente aceitavel","5","17","ChinComIntro","C","PB"
"PB9","altamente aceitavel","5","15","ChinSemIntro","C","PB"
"PB9","altamente aceitavel","5","21","ChinSemIntro","C","PB"
"PB9","altamente aceitavel","5","9","ChinSemIntro","C","PB"
"PB9","altamente aceitavel","5","22","Top","C","PB"
"PB9","altamente aceitavel","5","20","ChinComIntro","C","PB"
"PB9","altamente aceitavel","5","4","Top","C","PB"
"PB9","altamente aceitavel","5","5","ChinComIntro","C","PB"
"PB9","altamente aceitavel","5","16","Top","C","PB"
"PB10","altamente aceitavel","5","20","Top","B","PB"
"PB10","altamente aceitavel","5","9","ChinComIntro","B","PB"
"PB10","neutra","3","7","ChinSemIntro","B","PB"
"PB10","neutra","3","4","ChinSemIntro","B","PB"
"PB10","altamente aceitavel","5","6","ChinComIntro","B","PB"
"PB10","aceitavel","4","13","ChinSemIntro","B","PB"
"PB10","aceitavel","4","18","ChinComIntro","B","PB"
"PB10","altamente aceitavel","5","23","Top","B","PB"
"PB10","aceitavel","4","22","ChinSemIntro","B","PB"
"PB10","altamente aceitavel","5","12","ChinComIntro","B","PB"
"PB10","altamente aceitavel","5","1","ChinSemIntro","B","PB"
"PB10","altamente aceitavel","5","14","Top","B","PB"
"PB10","altamente aceitavel","5","5","Top","B","PB"
"PB10","altamente aceitavel","5","15","ChinComIntro","B","PB"
"PB10","altamente aceitavel","5","2","Top","B","PB"
"PB10","altamente aceitavel","5","8","Top","B","PB"
"PB10","aceitavel","4","19","ChinSemIntro","B","PB"
"PB10","altamente aceitavel","5","24","ChinComIntro","B","PB"
"PB10","altamente aceitavel","5","21","ChinComIntro","B","PB"
"PB10","aceitavel","4","10","ChinSemIntro","B","PB"
"PB10","aceitavel","4","17","Top","B","PB"
"PB10","altamente aceitavel","5","11","Top","B","PB"
"PB10","altamente aceitavel","5","3","ChinComIntro","B","PB"
"PB10","altamente aceitavel","5","16","ChinSemIntro","B","PB"
"PB11","neutra","3","5","ChinComIntro","C","PB"
"PB11","aceitavel","4","11","ChinComIntro","C","PB"
"PB11","neutra","3","8","ChinComIntro","C","PB"
"PB11","altamente inaceitavel","1","18","ChinSemIntro","C","PB"
"PB11","aceitavel","4","24","ChinSemIntro","C","PB"
"PB11","altamente aceitavel","5","13","Top","C","PB"
"PB11","aceitavel","4","14","ChinComIntro","C","PB"
"PB11","aceitavel","4","2","ChinComIntro","C","PB"
"PB11","neutra","3","3","ChinSemIntro","C","PB"
"PB11","aceitavel","4","15","ChinSemIntro","C","PB"
"PB11","altamente aceitavel","5","1","Top","C","PB"
"PB11","altamente aceitavel","5","4","Top","C","PB"
"PB11","altamente aceitavel","5","16","Top","C","PB"
"PB11","altamente aceitavel","5","6","ChinSemIntro","C","PB"
"PB11","altamente aceitavel","5","10","Top","C","PB"
"PB11","neutra","3","21","ChinSemIntro","C","PB"
"PB11","inaceitavel","2","12","ChinSemIntro","C","PB"
"PB11","altamente aceitavel","5","22","Top","C","PB"
"PB11","altamente aceitavel","5","20","ChinComIntro","C","PB"
"PB11","altamente aceitavel","5","19","Top","C","PB"
"PB11","altamente aceitavel","5","7","Top","C","PB"
"PB11","aceitavel","4","17","ChinComIntro","C","PB"
"PB11","altamente aceitavel","5","23","ChinComIntro","C","PB"
"PB11","aceitavel","4","9","ChinSemIntro","C","PB"
"PB12","aceitavel","4","1","ChinComIntro","A","PB"
"PB12","aceitavel","4","22","ChinComIntro","A","PB"
"PB12","inaceitavel","2","4","ChinComIntro","A","PB"
"PB12","neutra","3","12","Top","A","PB"
"PB12","aceitavel","4","11","ChinSemIntro","A","PB"
"PB12","altamente aceitavel","5","21","Top","A","PB"
"PB12","aceitavel","4","3","Top","A","PB"
"PB12","aceitavel","4","15","Top","A","PB"
"PB12","neutra","3","17","ChinSemIntro","A","PB"
"PB12","altamente aceitavel","5","20","ChinSemIntro","A","PB"
"PB12","inaceitavel","2","23","ChinSemIntro","A","PB"
"PB12","inaceitavel","2","8","ChinSemIntro","A","PB"
"PB12","neutra","3","13","ChinComIntro","A","PB"
"PB12","inaceitavel","2","5","ChinSemIntro","A","PB"
"PB12","neutra","3","6","Top","A","PB"
"PB12","neutra","3","9","Top","A","PB"
"PB12","aceitavel","4","16","ChinComIntro","A","PB"
"PB12","neutra","3","2","ChinSemIntro","A","PB"
"PB12","inaceitavel","2","10","ChinComIntro","A","PB"
"PB12","inaceitavel","2","18","Top","A","PB"
"PB12","altamente aceitavel","5","14","ChinSemIntro","A","PB"
"PB12","aceitavel","4","7","ChinComIntro","A","PB"
"PB12","altamente aceitavel","5","19","ChinComIntro","A","PB"
"PB12","altamente aceitavel","5","24","Top","A","PB"
"PB13","aceitavel","4","10","ChinComIntro","A","PB"
"PB13","altamente aceitavel","5","3","Top","A","PB"
"PB13","inaceitavel","2","23","ChinSemIntro","A","PB"
"PB13","altamente aceitavel","5","12","Top","A","PB"
"PB13","altamente aceitavel","5","1","ChinComIntro","A","PB"
"PB13","altamente aceitavel","5","24","Top","A","PB"
"PB13","altamente aceitavel","5","19","ChinComIntro","A","PB"
"PB13","aceitavel","4","16","ChinComIntro","A","PB"
"PB13","aceitavel","4","13","ChinComIntro","A","PB"
"PB13","inaceitavel","2","17","ChinSemIntro","A","PB"
"PB13","aceitavel","4","6","Top","A","PB"
"PB13","inaceitavel","2","8","ChinSemIntro","A","PB"
"PB13","neutra","3","9","Top","A","PB"
"PB13","inaceitavel","2","18","Top","A","PB"
"PB13","inaceitavel","2","11","ChinSemIntro","A","PB"
"PB13","altamente aceitavel","5","22","ChinComIntro","A","PB"
"PB13","neutra","3","2","ChinSemIntro","A","PB"
"PB13","altamente aceitavel","5","14","ChinSemIntro","A","PB"
"PB13","aceitavel","4","21","Top","A","PB"
"PB13","aceitavel","4","7","ChinComIntro","A","PB"
"PB13","neutra","3","4","ChinComIntro","A","PB"
"PB13","neutra","3","15","Top","A","PB"
"PB13","inaceitavel","2","5","ChinSemIntro","A","PB"
"PB13","inaceitavel","2","20","ChinSemIntro","A","PB"
"PB14","neutra","3","15","ChinSemIntro","C","PB"
"PB14","altamente aceitavel","5","20","ChinComIntro","C","PB"
"PB14","inaceitavel","2","18","ChinSemIntro","C","PB"
"PB14","aceitavel","4","1","Top","C","PB"
"PB14","altamente aceitavel","5","4","Top","C","PB"
"PB14","altamente aceitavel","5","19","Top","C","PB"
"PB14","aceitavel","4","10","Top","C","PB"
"PB14","altamente aceitavel","5","16","Top","C","PB"
"PB14","neutra","3","24","ChinSemIntro","C","PB"
"PB14","aceitavel","4","23","ChinComIntro","C","PB"
"PB14","neutra","3","9","ChinSemIntro","C","PB"
"PB14","neutra","3","3","ChinSemIntro","C","PB"
"PB14","aceitavel","4","2","ChinComIntro","C","PB"
"PB14","inaceitavel","2","7","Top","C","PB"
"PB14","aceitavel","4","5","ChinComIntro","C","PB"
"PB14","neutra","3","6","ChinSemIntro","C","PB"
"PB14","inaceitavel","2","21","ChinSemIntro","C","PB"
"PB14","altamente aceitavel","5","14","ChinComIntro","C","PB"
"PB14","altamente aceitavel","5","13","Top","C","PB"
"PB14","neutra","3","17","ChinComIntro","C","PB"
"PB14","neutra","3","11","ChinComIntro","C","PB"
"PB14","aceitavel","4","12","ChinSemIntro","C","PB"
"PB14","aceitavel","4","22","Top","C","PB"
"PB14","aceitavel","4","8","ChinComIntro","C","PB"
"PB15","altamente aceitavel","5","13","ChinComIntro","A","PB"
"PB15","altamente aceitavel","5","4","ChinComIntro","A","PB"
"PB15","altamente aceitavel","5","10","ChinComIntro","A","PB"
"PB15","altamente aceitavel","5","6","Top","A","PB"
"PB15","altamente aceitavel","5","1","ChinComIntro","A","PB"
"PB15","altamente aceitavel","5","8","ChinSemIntro","A","PB"
"PB15","aceitavel","4","20","ChinSemIntro","A","PB"
"PB15","altamente aceitavel","5","24","Top","A","PB"
"PB15","altamente aceitavel","5","11","ChinSemIntro","A","PB"
"PB15","altamente aceitavel","5","2","ChinSemIntro","A","PB"
"PB15","altamente aceitavel","5","3","Top","A","PB"
"PB15","aceitavel","4","14","ChinSemIntro","A","PB"
"PB15","altamente aceitavel","5","9","Top","A","PB"
"PB15","neutra","3","5","ChinSemIntro","A","PB"
"PB15","neutra","3","21","Top","A","PB"
"PB15","aceitavel","4","16","ChinComIntro","A","PB"
"PB15","aceitavel","4","22","ChinComIntro","A","PB"
"PB15","neutra","3","18","Top","A","PB"
"PB15","aceitavel","4","12","Top","A","PB"
"PB15","altamente aceitavel","5","17","ChinSemIntro","A","PB"
"PB15","aceitavel","4","19","ChinComIntro","A","PB"
"PB15","aceitavel","4","7","ChinComIntro","A","PB"
"PB15","aceitavel","4","15","Top","A","PB"
"PB15","aceitavel","4","23","ChinSemIntro","A","PB"
"PB16","altamente aceitavel","5","21","ChinComIntro","B","PB"
"PB16","inaceitavel","2","4","ChinSemIntro","B","PB"
"PB16","inaceitavel","2","17","Top","B","PB"
"PB16","inaceitavel","2","8","Top","B","PB"
"PB16","inaceitavel","2","19","ChinSemIntro","B","PB"
"PB16","aceitavel","4","5","Top","B","PB"
"PB16","aceitavel","4","3","ChinComIntro","B","PB"
"PB16","altamente aceitavel","5","12","ChinComIntro","B","PB"
"PB16","inaceitavel","2","1","ChinSemIntro","B","PB"
"PB16","inaceitavel","2","7","ChinSemIntro","B","PB"
"PB16","altamente aceitavel","5","9","ChinComIntro","B","PB"
"PB16","inaceitavel","2","22","ChinSemIntro","B","PB"
"PB16","altamente aceitavel","5","6","ChinComIntro","B","PB"
"PB16","inaceitavel","2","13","ChinSemIntro","B","PB"
"PB16","neutra","3","15","ChinComIntro","B","PB"
"PB16","aceitavel","4","11","Top","B","PB"
"PB16","altamente aceitavel","5","2","Top","B","PB"
"PB16","altamente aceitavel","5","24","ChinComIntro","B","PB"
"PB16","inaceitavel","2","23","Top","B","PB"
"PB16","inaceitavel","2","16","ChinSemIntro","B","PB"
"PB16","aceitavel","4","20","Top","B","PB"
"PB16","aceitavel","4","14","Top","B","PB"
"PB16","aceitavel","4","18","ChinComIntro","B","PB"
"PB16","inaceitavel","2","10","ChinSemIntro","B","PB"
"PB17","altamente aceitavel","5","11","ChinComIntro","C","PB"
"PB17","aceitavel","4","24","ChinSemIntro","C","PB"
"PB17","neutra","3","14","ChinComIntro","C","PB"
"PB17","aceitavel","4","8","ChinComIntro","C","PB"
"PB17","altamente aceitavel","5","23","ChinComIntro","C","PB"
"PB17","aceitavel","4","3","ChinSemIntro","C","PB"
"PB17","altamente aceitavel","5","4","Top","C","PB"
"PB17","aceitavel","4","9","ChinSemIntro","C","PB"
"PB17","aceitavel","4","1","Top","C","PB"
"PB17","aceitavel","4","20","ChinComIntro","C","PB"
"PB17","altamente aceitavel","5","22","Top","C","PB"
"PB17","altamente aceitavel","5","7","Top","C","PB"
"PB17","neutra","3","12","ChinSemIntro","C","PB"
"PB17","altamente aceitavel","5","17","ChinComIntro","C","PB"
"PB17","neutra","3","18","ChinSemIntro","C","PB"
"PB17","neutra","3","15","ChinSemIntro","C","PB"
"PB17","altamente aceitavel","5","5","ChinComIntro","C","PB"
"PB17","altamente aceitavel","5","6","ChinSemIntro","C","PB"
"PB17","altamente aceitavel","5","13","Top","C","PB"
"PB17","altamente aceitavel","5","2","ChinComIntro","C","PB"
"PB17","altamente aceitavel","5","19","Top","C","PB"
"PB17","neutra","3","21","ChinSemIntro","C","PB"
"PB17","altamente aceitavel","5","16","Top","C","PB"
"PB17","neutra","3","10","Top","C","PB"
"PB18","neutra","3","20","ChinSemIntro","A","PB"
"PB18","aceitavel","4","11","ChinSemIntro","A","PB"
"PB18","aceitavel","4","14","ChinSemIntro","A","PB"
"PB18","altamente aceitavel","5","3","Top","A","PB"
"PB18","aceitavel","4","1","ChinComIntro","A","PB"
"PB18","altamente aceitavel","5","13","ChinComIntro","A","PB"
"PB18","aceitavel","4","12","Top","A","PB"
"PB18","altamente aceitavel","5","19","ChinComIntro","A","PB"
"PB18","aceitavel","4","9","Top","A","PB"
"PB18","aceitavel","4","24","Top","A","PB"
"PB18","altamente aceitavel","5","7","ChinComIntro","A","PB"
"PB18","aceitavel","4","6","Top","A","PB"
"PB18","aceitavel","4","18","Top","A","PB"
"PB18","aceitavel","4","2","ChinSemIntro","A","PB"
"PB18","aceitavel","4","21","Top","A","PB"
"PB18","neutra","3","23","ChinSemIntro","A","PB"
"PB18","neutra","3","5","ChinSemIntro","A","PB"
"PB18","neutra","3","17","ChinSemIntro","A","PB"
"PB18","altamente aceitavel","5","10","ChinComIntro","A","PB"
"PB18","altamente aceitavel","5","16","ChinComIntro","A","PB"
"PB18","aceitavel","4","8","ChinSemIntro","A","PB"
"PB18","altamente aceitavel","5","22","ChinComIntro","A","PB"
"PB18","altamente aceitavel","5","4","ChinComIntro","A","PB"
"PB18","aceitavel","4","15","Top","A","PB"
"PB19","aceitavel","4","19","ChinSemIntro","B","PB"
"PB19","altamente aceitavel","5","20","Top","B","PB"
"PB19","altamente aceitavel","5","15","ChinComIntro","B","PB"
"PB19","altamente aceitavel","5","2","Top","B","PB"
"PB19","altamente aceitavel","5","11","Top","B","PB"
"PB19","altamente aceitavel","5","14","Top","B","PB"
"PB19","altamente aceitavel","5","12","ChinComIntro","B","PB"
"PB19","altamente aceitavel","5","1","ChinSemIntro","B","PB"
"PB19","aceitavel","4","17","Top","B","PB"
"PB19","altamente aceitavel","5","8","Top","B","PB"
"PB19","altamente aceitavel","5","3","ChinComIntro","B","PB"
"PB19","altamente aceitavel","5","5","Top","B","PB"
"PB19","altamente aceitavel","5","9","ChinComIntro","B","PB"
"PB19","aceitavel","4","13","ChinSemIntro","B","PB"
"PB19","altamente aceitavel","5","6","ChinComIntro","B","PB"
"PB19","aceitavel","4","16","ChinSemIntro","B","PB"
"PB19","neutra","3","23","Top","B","PB"
"PB19","altamente aceitavel","5","18","ChinComIntro","B","PB"
"PB19","altamente aceitavel","5","21","ChinComIntro","B","PB"
"PB19","neutra","3","7","ChinSemIntro","B","PB"
"PB19","neutra","3","4","ChinSemIntro","B","PB"
"PB19","neutra","3","10","ChinSemIntro","B","PB"
"PB19","altamente aceitavel","5","24","ChinComIntro","B","PB"
"PB19","aceitavel","4","22","ChinSemIntro","B","PB"
"PB20","altamente aceitavel","5","20","ChinComIntro","C","PB"
"PB20","altamente inaceitavel","1","18","ChinSemIntro","C","PB"
"PB20","altamente aceitavel","5","7","Top","C","PB"
"PB20","altamente aceitavel","5","23","ChinComIntro","C","PB"
"PB20","neutra","3","5","ChinComIntro","C","PB"
"PB20","altamente aceitavel","5","16","Top","C","PB"
"PB20","altamente aceitavel","5","2","ChinComIntro","C","PB"
"PB20","inaceitavel","2","15","ChinSemIntro","C","PB"
"PB20","altamente aceitavel","5","14","ChinComIntro","C","PB"
"PB20","inaceitavel","2","9","ChinSemIntro","C","PB"
"PB20","altamente aceitavel","5","8","ChinComIntro","C","PB"
"PB20","altamente aceitavel","5","22","Top","C","PB"
"PB20","neutra","3","21","ChinSemIntro","C","PB"
"PB20","altamente aceitavel","5","10","Top","C","PB"
"PB20","altamente aceitavel","5","11","ChinComIntro","C","PB"
"PB20","altamente aceitavel","5","13","Top","C","PB"
"PB20","altamente aceitavel","5","19","Top","C","PB"
"PB20","aceitavel","4","12","ChinSemIntro","C","PB"
"PB20","altamente aceitavel","5","1","Top","C","PB"
"PB20","inaceitavel","2","24","ChinSemIntro","C","PB"
"PB20","inaceitavel","2","3","ChinSemIntro","C","PB"
"PB20","altamente aceitavel","5","17","ChinComIntro","C","PB"
"PB20","neutra","3","6","ChinSemIntro","C","PB"
"PB20","altamente aceitavel","5","4","Top","C","PB"
"PB21","aceitavel","4","17","Top","B","PB"
"PB21","inaceitavel","2","10","ChinSemIntro","B","PB"
"PB21","inaceitavel","2","16","ChinSemIntro","B","PB"
"PB21","altamente aceitavel","5","15","ChinComIntro","B","PB"
"PB21","altamente aceitavel","5","23","Top","B","PB"
"PB21","altamente aceitavel","5","9","ChinComIntro","B","PB"
"PB21","altamente aceitavel","5","8","Top","B","PB"
"PB21","altamente aceitavel","5","11","Top","B","PB"
"PB21","altamente aceitavel","5","22","ChinSemIntro","B","PB"
"PB21","altamente aceitavel","5","12","ChinComIntro","B","PB"
"PB21","altamente aceitavel","5","14","Top","B","PB"
"PB21","altamente aceitavel","5","4","ChinSemIntro","B","PB"
"PB21","altamente aceitavel","5","21","ChinComIntro","B","PB"
"PB21","altamente aceitavel","5","3","ChinComIntro","B","PB"
"PB21","altamente aceitavel","5","1","ChinSemIntro","B","PB"
"PB21","altamente aceitavel","5","7","ChinSemIntro","B","PB"
"PB21","altamente aceitavel","5","18","ChinComIntro","B","PB"
"PB21","altamente aceitavel","5","24","ChinComIntro","B","PB"
"PB21","altamente aceitavel","5","5","Top","B","PB"
"PB21","altamente aceitavel","5","2","Top","B","PB"
"PB21","altamente aceitavel","5","6","ChinComIntro","B","PB"
"PB21","altamente aceitavel","5","20","Top","B","PB"
"PB21","altamente aceitavel","5","19","ChinSemIntro","B","PB"
"PB21","altamente aceitavel","5","13","ChinSemIntro","B","PB"
"PB22","aceitavel","4","9","ChinSemIntro","C","PB"
"PB22","altamente aceitavel","5","4","Top","C","PB"
"PB22","aceitavel","4","3","ChinSemIntro","C","PB"
"PB22","neutra","3","15","ChinSemIntro","C","PB"
"PB22","aceitavel","4","10","Top","C","PB"
"PB22","altamente aceitavel","5","2","ChinComIntro","C","PB"
"PB22","altamente aceitavel","5","16","Top","C","PB"
"PB22","altamente aceitavel","5","7","Top","C","PB"
"PB22","altamente aceitavel","5","19","Top","C","PB"
"PB22","altamente aceitavel","5","8","ChinComIntro","C","PB"
"PB22","altamente aceitavel","5","1","Top","C","PB"
"PB22","aceitavel","4","12","ChinSemIntro","C","PB"
"PB22","aceitavel","4","14","ChinComIntro","C","PB"
"PB22","aceitavel","4","18","ChinSemIntro","C","PB"
"PB22","altamente aceitavel","5","23","ChinComIntro","C","PB"
"PB22","altamente aceitavel","5","17","ChinComIntro","C","PB"
"PB22","altamente aceitavel","5","20","ChinComIntro","C","PB"
"PB22","altamente aceitavel","5","22","Top","C","PB"
"PB22","aceitavel","4","5","ChinComIntro","C","PB"
"PB22","altamente aceitavel","5","13","Top","C","PB"
"PB22","altamente aceitavel","5","11","ChinComIntro","C","PB"
"PB22","aceitavel","4","6","ChinSemIntro","C","PB"
"PB22","aceitavel","4","21","ChinSemIntro","C","PB"
"PB22","aceitavel","4","24","ChinSemIntro","C","PB"
"PB23","altamente aceitavel","5","21","Top","A","PB"
"PB23","altamente aceitavel","5","19","ChinComIntro","A","PB"
"PB23","altamente aceitavel","5","16","ChinComIntro","A","PB"
"PB23","altamente aceitavel","5","11","ChinSemIntro","A","PB"
"PB23","altamente aceitavel","5","2","ChinSemIntro","A","PB"
"PB23","inaceitavel","2","17","ChinSemIntro","A","PB"
"PB23","altamente inaceitavel","1","15","Top","A","PB"
"PB23","altamente aceitavel","5","6","Top","A","PB"
"PB23","neutra","3","10","ChinComIntro","A","PB"
"PB23","inaceitavel","2","8","ChinSemIntro","A","PB"
"PB23","altamente aceitavel","5","1","ChinComIntro","A","PB"
"PB23","altamente aceitavel","5","9","Top","A","PB"
"PB23","altamente aceitavel","5","14","ChinSemIntro","A","PB"
"PB23","neutra","3","4","ChinComIntro","A","PB"
"PB23","altamente aceitavel","5","3","Top","A","PB"
"PB23","aceitavel","4","24","Top","A","PB"
"PB23","altamente aceitavel","5","7","ChinComIntro","A","PB"
"PB23","inaceitavel","2","23","ChinSemIntro","A","PB"
"PB23","inaceitavel","2","13","ChinComIntro","A","PB"
"PB23","altamente inaceitavel","1","18","Top","A","PB"
"PB23","altamente aceitavel","5","12","Top","A","PB"
"PB23","altamente inaceitavel","1","20","ChinSemIntro","A","PB"
"PB23","altamente inaceitavel","1","5","ChinSemIntro","A","PB"
"PB23","altamente aceitavel","5","22","ChinComIntro","A","PB"
"PB24","altamente aceitavel","5","8","ChinComIntro","C","PB"
"PB24","aceitavel","4","22","Top","C","PB"
"PB24","neutra","3","4","Top","C","PB"
"PB24","neutra","3","24","ChinSemIntro","C","PB"
"PB24","altamente aceitavel","5","11","ChinComIntro","C","PB"
"PB24","aceitavel","4","5","ChinComIntro","C","PB"
"PB24","aceitavel","4","16","Top","C","PB"
"PB24","neutra","3","9","ChinSemIntro","C","PB"
"PB24","aceitavel","4","23","ChinComIntro","C","PB"
"PB24","aceitavel","4","19","Top","C","PB"
"PB24","aceitavel","4","15","ChinSemIntro","C","PB"
"PB24","altamente aceitavel","5","17","ChinComIntro","C","PB"
"PB24","neutra","3","12","ChinSemIntro","C","PB"
"PB24","aceitavel","4","6","ChinSemIntro","C","PB"
"PB24","aceitavel","4","13","Top","C","PB"
"PB24","neutra","3","21","ChinSemIntro","C","PB"
"PB24","neutra","3","18","ChinSemIntro","C","PB"
"PB24","aceitavel","4","14","ChinComIntro","C","PB"
"PB24","aceitavel","4","2","ChinComIntro","C","PB"
"PB24","neutra","3","10","Top","C","PB"
"PB24","aceitavel","4","20","ChinComIntro","C","PB"
"PB24","aceitavel","4","1","Top","C","PB"
"PB24","aceitavel","4","7","Top","C","PB"
"PB24","neutra","3","3","ChinSemIntro","C","PB"
"PB25","aceitavel","4","10","ChinComIntro","A","PB"
"PB25","altamente aceitavel","5","24","Top","A","PB"
"PB25","aceitavel","4","19","ChinComIntro","A","PB"
"PB25","aceitavel","4","15","Top","A","PB"
"PB25","neutra","3","17","ChinSemIntro","A","PB"
"PB25","aceitavel","4","3","Top","A","PB"
"PB25","altamente aceitavel","5","14","ChinSemIntro","A","PB"
"PB25","altamente aceitavel","5","11","ChinSemIntro","A","PB"
"PB25","aceitavel","4","23","ChinSemIntro","A","PB"
"PB25","altamente aceitavel","5","6","Top","A","PB"
"PB25","aceitavel","4","7","ChinComIntro","A","PB"
"PB25","aceitavel","4","20","ChinSemIntro","A","PB"
"PB25","aceitavel","4","12","Top","A","PB"
"PB25","aceitavel","4","4","ChinComIntro","A","PB"
"PB25","inaceitavel","2","5","ChinSemIntro","A","PB"
"PB25","altamente aceitavel","5","16","ChinComIntro","A","PB"
"PB25","aceitavel","4","21","Top","A","PB"
"PB25","altamente aceitavel","5","22","ChinComIntro","A","PB"
"PB25","aceitavel","4","8","ChinSemIntro","A","PB"
"PB25","aceitavel","4","9","Top","A","PB"
"PB25","inaceitavel","2","18","Top","A","PB"
"PB25","neutra","3","13","ChinComIntro","A","PB"
"PB25","aceitavel","4","2","ChinSemIntro","A","PB"
"PB25","aceitavel","4","1","ChinComIntro","A","PB"
"PB26","altamente aceitavel","5","1","ChinComIntro","A","PB"
"PB26","altamente aceitavel","5","24","Top","A","PB"
"PB26","aceitavel","4","17","ChinSemIntro","A","PB"
"PB26","altamente aceitavel","5","21","Top","A","PB"
"PB26","altamente aceitavel","5","15","Top","A","PB"
"PB26","altamente aceitavel","5","2","ChinSemIntro","A","PB"
"PB26","altamente aceitavel","5","9","Top","A","PB"
"PB26","altamente aceitavel","5","6","Top","A","PB"
"PB26","aceitavel","4","5","ChinSemIntro","A","PB"
"PB26","altamente aceitavel","5","23","ChinSemIntro","A","PB"
"PB26","altamente aceitavel","5","10","ChinComIntro","A","PB"
"PB26","altamente aceitavel","5","19","ChinComIntro","A","PB"
"PB26","aceitavel","4","8","ChinSemIntro","A","PB"
"PB26","altamente aceitavel","5","12","Top","A","PB"
"PB26","altamente aceitavel","5","4","ChinComIntro","A","PB"
"PB26","altamente aceitavel","5","22","ChinComIntro","A","PB"
"PB26","altamente aceitavel","5","14","ChinSemIntro","A","PB"
"PB26","altamente aceitavel","5","16","ChinComIntro","A","PB"
"PB26","altamente aceitavel","5","11","ChinSemIntro","A","PB"
"PB26","altamente aceitavel","5","20","ChinSemIntro","A","PB"
"PB26","altamente aceitavel","5","18","Top","A","PB"
"PB26","altamente aceitavel","5","3","Top","A","PB"
"PB26","altamente aceitavel","5","13","ChinComIntro","A","PB"
"PB26","altamente aceitavel","5","7","ChinComIntro","A","PB"
"PB27","neutra","3","20","ChinSemIntro","A","PB"
"PB27","altamente aceitavel","5","15","Top","A","PB"
"PB27","neutra","3","19","ChinComIntro","A","PB"
"PB27","neutra","3","1","ChinComIntro","A","PB"
"PB27","neutra","3","18","Top","A","PB"
"PB27","inaceitavel","2","23","ChinSemIntro","A","PB"
"PB27","neutra","3","5","ChinSemIntro","A","PB"
"PB27","neutra","3","4","ChinComIntro","A","PB"
"PB27","altamente aceitavel","5","2","ChinSemIntro","A","PB"
"PB27","neutra","3","11","ChinSemIntro","A","PB"
"PB27","neutra","3","10","ChinComIntro","A","PB"
"PB27","neutra","3","14","ChinSemIntro","A","PB"
"PB27","neutra","3","16","ChinComIntro","A","PB"
"PB27","altamente aceitavel","5","6","Top","A","PB"
"PB27","altamente aceitavel","5","21","Top","A","PB"
"PB27","altamente aceitavel","5","12","Top","A","PB"
"PB27","aceitavel","4","3","Top","A","PB"
"PB27","aceitavel","4","8","ChinSemIntro","A","PB"
"PB27","neutra","3","22","ChinComIntro","A","PB"
"PB27","neutra","3","7","ChinComIntro","A","PB"
"PB27","aceitavel","4","13","ChinComIntro","A","PB"
"PB27","aceitavel","4","17","ChinSemIntro","A","PB"
"PB27","aceitavel","4","9","Top","A","PB"
"PB27","aceitavel","4","24","Top","A","PB"
"8268","aceitavel","4","14","Top","B","EN"
"8268","altamente aceitavel","5","21","ChinComIntro","B","EN"
"8268","aceitavel","4","18","ChinComIntro","B","EN"
"8268","neutra","3","11","Top","B","EN"
"8268","neutra","3","15","ChinComIntro","B","EN"
"8268","aceitavel","4","24","ChinComIntro","B","EN"
"8268","aceitavel","4","8","Top","B","EN"
"8268","aceitavel","4","4","ChinSemIntro","B","EN"
"8268","aceitavel","4","7","ChinSemIntro","B","EN"
"8268","altamente aceitavel","5","9","ChinComIntro","B","EN"
"8268","aceitavel","4","1","ChinSemIntro","B","EN"
"8268","neutra","3","5","Top","B","EN"
"8268","aceitavel","4","3","ChinComIntro","B","EN"
"8268","neutra","3","13","ChinSemIntro","B","EN"
"8268","aceitavel","4","10","ChinSemIntro","B","EN"
"8268","aceitavel","4","6","ChinComIntro","B","EN"
"8268","aceitavel","4","19","ChinSemIntro","B","EN"
"8268","neutra","3","2","Top","B","EN"
"8268","aceitavel","4","20","Top","B","EN"
"8268","aceitavel","4","22","ChinSemIntro","B","EN"
"8268","neutra","3","23","Top","B","EN"
"8268","neutra","3","12","ChinComIntro","B","EN"
"8268","aceitavel","4","16","ChinSemIntro","B","EN"
"8268","altamente aceitavel","5","17","Top","B","EN"
"8189","inaceitavel","2","13","Top","C","EN"
"8189","inaceitavel","2","12","ChinSemIntro","C","EN"
"8189","neutra","3","20","ChinComIntro","C","EN"
"8189","neutra","3","7","Top","C","EN"
"8189","inaceitavel","2","6","ChinSemIntro","C","EN"
"8189","inaceitavel","2","22","Top","C","EN"
"8189","neutra","3","2","ChinComIntro","C","EN"
"8189","inaceitavel","2","19","Top","C","EN"
"8189","altamente inaceitavel","1","21","ChinSemIntro","C","EN"
"8189","altamente inaceitavel","1","24","ChinSemIntro","C","EN"
"8189","inaceitavel","2","3","ChinSemIntro","C","EN"
"8189","inaceitavel","2","18","ChinSemIntro","C","EN"
"8189","inaceitavel","2","16","Top","C","EN"
"8189","aceitavel","4","23","ChinComIntro","C","EN"
"8189","inaceitavel","2","8","ChinComIntro","C","EN"
"8189","inaceitavel","2","15","ChinSemIntro","C","EN"
"8189","altamente inaceitavel","1","10","Top","C","EN"
"8189","neutra","3","5","ChinComIntro","C","EN"
"8189","neutra","3","17","ChinComIntro","C","EN"
"8189","inaceitavel","2","1","Top","C","EN"
"8189","aceitavel","4","11","ChinComIntro","C","EN"
"8189","inaceitavel","2","14","ChinComIntro","C","EN"
"8189","altamente inaceitavel","1","9","ChinSemIntro","C","EN"
"8189","inaceitavel","2","4","Top","C","EN"
"8386","inaceitavel","2","10","Top","C","EN"
"8386","altamente inaceitavel","1","24","ChinSemIntro","C","EN"
"8386","inaceitavel","2","16","Top","C","EN"
"8386","inaceitavel","2","6","ChinSemIntro","C","EN"
"8386","aceitavel","4","23","ChinComIntro","C","EN"
"8386","neutra","3","20","ChinComIntro","C","EN"
"8386","neutra","3","7","Top","C","EN"
"8386","aceitavel","4","19","Top","C","EN"
"8386","inaceitavel","2","12","ChinSemIntro","C","EN"
"8386","aceitavel","4","5","ChinComIntro","C","EN"
"8386","inaceitavel","2","3","ChinSemIntro","C","EN"
"8386","aceitavel","4","8","ChinComIntro","C","EN"
"8386","altamente inaceitavel","1","18","ChinSemIntro","C","EN"
"8386","neutra","3","22","Top","C","EN"
"8386","altamente aceitavel","5","14","ChinComIntro","C","EN"
"8386","neutra","3","1","Top","C","EN"
"8386","neutra","3","17","ChinComIntro","C","EN"
"8386","aceitavel","4","4","Top","C","EN"
"8386","aceitavel","4","11","ChinComIntro","C","EN"
"8386","altamente inaceitavel","1","15","ChinSemIntro","C","EN"
"8386","inaceitavel","2","21","ChinSemIntro","C","EN"
"8386","inaceitavel","2","13","Top","C","EN"
"8386","altamente inaceitavel","1","9","ChinSemIntro","C","EN"
"8386","aceitavel","4","2","ChinComIntro","C","EN"
"7446","neutra","3","24","ChinComIntro","B","EN"
"7446","aceitavel","4","18","ChinComIntro","B","EN"
"7446","aceitavel","4","8","Top","B","EN"
"7446","aceitavel","4","3","ChinComIntro","B","EN"
"7446","aceitavel","4","21","ChinComIntro","B","EN"
"7446","aceitavel","4","9","ChinComIntro","B","EN"
"7446","neutra","3","11","Top","B","EN"
"7446","neutra","3","5","Top","B","EN"
"7446","neutra","3","13","ChinSemIntro","B","EN"
"7446","altamente aceitavel","5","15","ChinComIntro","B","EN"
"7446","aceitavel","4","20","Top","B","EN"
"7446","aceitavel","4","23","Top","B","EN"
"7446","aceitavel","4","14","Top","B","EN"
"7446","aceitavel","4","2","Top","B","EN"
"7446","aceitavel","4","7","ChinSemIntro","B","EN"
"7446","aceitavel","4","16","ChinSemIntro","B","EN"
"7446","aceitavel","4","12","ChinComIntro","B","EN"
"7446","aceitavel","4","6","ChinComIntro","B","EN"
"7446","aceitavel","4","19","ChinSemIntro","B","EN"
"7446","neutra","3","17","Top","B","EN"
"7446","aceitavel","4","22","ChinSemIntro","B","EN"
"7446","altamente inaceitavel","1","10","ChinSemIntro","B","EN"
"7446","aceitavel","4","1","ChinSemIntro","B","EN"
"7446","neutra","3","4","ChinSemIntro","B","EN"
"6711","altamente aceitavel","5","12","ChinComIntro","B","EN"
"6711","neutra","3","19","ChinSemIntro","B","EN"
"6711","neutra","3","23","Top","B","EN"
"6711","aceitavel","4","21","ChinComIntro","B","EN"
"6711","aceitavel","4","18","ChinComIntro","B","EN"
"6711","aceitavel","4","14","Top","B","EN"
"6711","neutra","3","4","ChinSemIntro","B","EN"
"6711","aceitavel","4","13","ChinSemIntro","B","EN"
"6711","altamente aceitavel","5","20","Top","B","EN"
"6711","altamente aceitavel","5","6","ChinComIntro","B","EN"
"6711","aceitavel","4","15","ChinComIntro","B","EN"
"6711","aceitavel","4","24","ChinComIntro","B","EN"
"6711","neutra","3","7","ChinSemIntro","B","EN"
"6711","neutra","3","1","ChinSemIntro","B","EN"
"6711","aceitavel","4","5","Top","B","EN"
"6711","neutra","3","10","ChinSemIntro","B","EN"
"6711","neutra","3","8","Top","B","EN"
"6711","neutra","3","16","ChinSemIntro","B","EN"
"6711","inaceitavel","2","22","ChinSemIntro","B","EN"
"6711","neutra","3","2","Top","B","EN"
"6711","altamente aceitavel","5","3","ChinComIntro","B","EN"
"6711","altamente aceitavel","5","9","ChinComIntro","B","EN"
"6711","altamente aceitavel","5","17","Top","B","EN"
"6711","aceitavel","4","11","Top","B","EN"
"8255","aceitavel","4","17","Top","B","EN"
"8255","inaceitavel","2","7","ChinSemIntro","B","EN"
"8255","neutra","3","1","ChinSemIntro","B","EN"
"8255","neutra","3","4","ChinSemIntro","B","EN"
"8255","inaceitavel","2","2","Top","B","EN"
"8255","inaceitavel","2","22","ChinSemIntro","B","EN"
"8255","neutra","3","20","Top","B","EN"
"8255","aceitavel","4","12","ChinComIntro","B","EN"
"8255","aceitavel","4","6","ChinComIntro","B","EN"
"8255","aceitavel","4","5","Top","B","EN"
"8255","neutra","3","8","Top","B","EN"
"8255","neutra","3","14","Top","B","EN"
"8255","altamente aceitavel","5","3","ChinComIntro","B","EN"
"8255","aceitavel","4","9","ChinComIntro","B","EN"
"8255","neutra","3","24","ChinComIntro","B","EN"
"8255","inaceitavel","2","10","ChinSemIntro","B","EN"
"8255","neutra","3","18","ChinComIntro","B","EN"
"8255","inaceitavel","2","13","ChinSemIntro","B","EN"
"8255","inaceitavel","2","23","Top","B","EN"
"8255","inaceitavel","2","16","ChinSemIntro","B","EN"
"8255","neutra","3","11","Top","B","EN"
"8255","aceitavel","4","21","ChinComIntro","B","EN"
"8255","neutra","3","15","ChinComIntro","B","EN"
"8255","inaceitavel","2","19","ChinSemIntro","B","EN"
"6687","aceitavel","4","24","ChinComIntro","B","EN"
"6687","inaceitavel","2","8","Top","B","EN"
"6687","inaceitavel","2","23","Top","B","EN"
"6687","inaceitavel","2","1","ChinSemIntro","B","EN"
"6687","aceitavel","4","12","ChinComIntro","B","EN"
"6687","aceitavel","4","2","Top","B","EN"
"6687","aceitavel","4","11","Top","B","EN"
"6687","aceitavel","4","18","ChinComIntro","B","EN"
"6687","inaceitavel","2","19","ChinSemIntro","B","EN"
"6687","inaceitavel","2","13","ChinSemIntro","B","EN"
"6687","altamente inaceitavel","1","22","ChinSemIntro","B","EN"
"6687","neutra","3","10","ChinSemIntro","B","EN"
"6687","inaceitavel","2","7","ChinSemIntro","B","EN"
"6687","aceitavel","4","20","Top","B","EN"
"6687","aceitavel","4","14","Top","B","EN"
"6687","aceitavel","4","3","ChinComIntro","B","EN"
"6687","inaceitavel","2","4","ChinSemIntro","B","EN"
"6687","aceitavel","4","21","ChinComIntro","B","EN"
"6687","aceitavel","4","6","ChinComIntro","B","EN"
"6687","aceitavel","4","9","ChinComIntro","B","EN"
"6687","aceitavel","4","5","Top","B","EN"
"6687","neutra","3","17","Top","B","EN"
"6687","inaceitavel","2","15","ChinComIntro","B","EN"
"6687","inaceitavel","2","16","ChinSemIntro","B","EN"
"8324","altamente inaceitavel","1","6","ChinSemIntro","C","EN"
"8324","aceitavel","4","4","Top","C","EN"
"8324","altamente aceitavel","5","11","ChinComIntro","C","EN"
"8324","neutra","3","13","Top","C","EN"
"8324","altamente inaceitavel","1","21","ChinSemIntro","C","EN"
"8324","aceitavel","4","23","ChinComIntro","C","EN"
"8324","aceitavel","4","14","ChinComIntro","C","EN"
"8324","neutra","3","16","Top","C","EN"
"8324","inaceitavel","2","8","ChinComIntro","C","EN"
"8324","neutra","3","2","ChinComIntro","C","EN"
"8324","inaceitavel","2","3","ChinSemIntro","C","EN"
"8324","inaceitavel","2","9","ChinSemIntro","C","EN"
"8324","inaceitavel","2","22","Top","C","EN"
"8324","neutra","3","7","Top","C","EN"
"8324","inaceitavel","2","15","ChinSemIntro","C","EN"
"8324","neutra","3","20","ChinComIntro","C","EN"
"8324","inaceitavel","2","24","ChinSemIntro","C","EN"
"8324","aceitavel","4","19","Top","C","EN"
"8324","inaceitavel","2","18","ChinSemIntro","C","EN"
"8324","altamente inaceitavel","1","12","ChinSemIntro","C","EN"
"8324","neutra","3","1","Top","C","EN"
"8324","neutra","3","10","Top","C","EN"
"8324","neutra","3","5","ChinComIntro","C","EN"
"8324","neutra","3","17","ChinComIntro","C","EN"
"7615","inaceitavel","2","6","ChinSemIntro","C","EN"
"7615","aceitavel","4","14","ChinComIntro","C","EN"
"7615","altamente inaceitavel","1","22","Top","C","EN"
"7615","neutra","3","10","Top","C","EN"
"7615","altamente inaceitavel","1","18","ChinSemIntro","C","EN"
"7615","inaceitavel","2","21","ChinSemIntro","C","EN"
"7615","aceitavel","4","11","ChinComIntro","C","EN"
"7615","inaceitavel","2","24","ChinSemIntro","C","EN"
"7615","altamente aceitavel","5","7","Top","C","EN"
"7615","aceitavel","4","4","Top","C","EN"
"7615","aceitavel","4","20","ChinComIntro","C","EN"
"7615","aceitavel","4","17","ChinComIntro","C","EN"
"7615","altamente inaceitavel","1","13","Top","C","EN"
"7615","aceitavel","4","23","ChinComIntro","C","EN"
"7615","aceitavel","4","8","ChinComIntro","C","EN"
"7615","altamente inaceitavel","1","12","ChinSemIntro","C","EN"
"7615","aceitavel","4","5","ChinComIntro","C","EN"
"7615","inaceitavel","2","9","ChinSemIntro","C","EN"
"7615","altamente aceitavel","5","2","ChinComIntro","C","EN"
"7615","altamente inaceitavel","1","15","ChinSemIntro","C","EN"
"7615","aceitavel","4","19","Top","C","EN"
"7615","inaceitavel","2","3","ChinSemIntro","C","EN"
"7615","aceitavel","4","1","Top","C","EN"
"7615","aceitavel","4","16","Top","C","EN"
"7997","aceitavel","4","11","Top","B","EN"
"7997","aceitavel","4","3","ChinComIntro","B","EN"
"7997","aceitavel","4","24","ChinComIntro","B","EN"
"7997","inaceitavel","2","23","Top","B","EN"
"7997","neutra","3","8","Top","B","EN"
"7997","altamente inaceitavel","1","19","ChinSemIntro","B","EN"
"7997","aceitavel","4","17","Top","B","EN"
"7997","aceitavel","4","6","ChinComIntro","B","EN"
"7997","inaceitavel","2","22","ChinSemIntro","B","EN"
"7997","altamente aceitavel","5","18","ChinComIntro","B","EN"
"7997","altamente inaceitavel","1","1","ChinSemIntro","B","EN"
"7997","altamente inaceitavel","1","10","ChinSemIntro","B","EN"
"7997","altamente aceitavel","5","20","Top","B","EN"
"7997","altamente aceitavel","5","5","Top","B","EN"
"7997","inaceitavel","2","13","ChinSemIntro","B","EN"
"7997","altamente aceitavel","5","15","ChinComIntro","B","EN"
"7997","aceitavel","4","2","Top","B","EN"
"7997","altamente aceitavel","5","12","ChinComIntro","B","EN"
"7997","altamente aceitavel","5","21","ChinComIntro","B","EN"
"7997","altamente aceitavel","5","9","ChinComIntro","B","EN"
"7997","altamente inaceitavel","1","7","ChinSemIntro","B","EN"
"7997","altamente aceitavel","5","14","Top","B","EN"
"7997","inaceitavel","2","16","ChinSemIntro","B","EN"
"7997","altamente inaceitavel","1","4","ChinSemIntro","B","EN"
"6171","aceitavel","4","3","ChinComIntro","B","EN"
"6171","aceitavel","4","15","ChinComIntro","B","EN"
"6171","altamente inaceitavel","1","13","ChinSemIntro","B","EN"
"6171","aceitavel","4","17","Top","B","EN"
"6171","altamente aceitavel","5","5","Top","B","EN"
"6171","altamente inaceitavel","1","7","ChinSemIntro","B","EN"
"6171","aceitavel","4","6","ChinComIntro","B","EN"
"6171","altamente inaceitavel","1","4","ChinSemIntro","B","EN"
"6171","aceitavel","4","20","Top","B","EN"
"6171","aceitavel","4","18","ChinComIntro","B","EN"
"6171","altamente inaceitavel","1","1","ChinSemIntro","B","EN"
"6171","altamente inaceitavel","1","22","ChinSemIntro","B","EN"
"6171","neutra","3","23","Top","B","EN"
"6171","aceitavel","4","12","ChinComIntro","B","EN"
"6171","aceitavel","4","24","ChinComIntro","B","EN"
"6171","inaceitavel","2","9","ChinComIntro","B","EN"
"6171","inaceitavel","2","2","Top","B","EN"
"6171","altamente inaceitavel","1","16","ChinSemIntro","B","EN"
"6171","aceitavel","4","11","Top","B","EN"
"6171","aceitavel","4","21","ChinComIntro","B","EN"
"6171","aceitavel","4","8","Top","B","EN"
"6171","altamente inaceitavel","1","10","ChinSemIntro","B","EN"
"6171","aceitavel","4","14","Top","B","EN"
"6171","altamente inaceitavel","1","19","ChinSemIntro","B","EN"
"8345","altamente inaceitavel","1","23","Top","B","EN"
"8345","altamente inaceitavel","1","4","ChinSemIntro","B","EN"
"8345","aceitavel","4","12","ChinComIntro","B","EN"
"8345","neutra","3","17","Top","B","EN"
"8345","altamente inaceitavel","1","22","ChinSemIntro","B","EN"
"8345","neutra","3","21","ChinComIntro","B","EN"
"8345","inaceitavel","2","20","Top","B","EN"
"8345","inaceitavel","2","1","ChinSemIntro","B","EN"
"8345","inaceitavel","2","16","ChinSemIntro","B","EN"
"8345","neutra","3","14","Top","B","EN"
"8345","neutra","3","2","Top","B","EN"
"8345","inaceitavel","2","6","ChinComIntro","B","EN"
"8345","inaceitavel","2","24","ChinComIntro","B","EN"
"8345","neutra","3","5","Top","B","EN"
"8345","inaceitavel","2","19","ChinSemIntro","B","EN"
"8345","inaceitavel","2","7","ChinSemIntro","B","EN"
"8345","aceitavel","4","3","ChinComIntro","B","EN"
"8345","inaceitavel","2","8","Top","B","EN"
"8345","neutra","3","15","ChinComIntro","B","EN"
"8345","aceitavel","4","9","ChinComIntro","B","EN"
"8345","inaceitavel","2","13","ChinSemIntro","B","EN"
"8345","neutra","3","11","Top","B","EN"
"8345","neutra","3","10","ChinSemIntro","B","EN"
"8345","altamente aceitavel","5","18","ChinComIntro","B","EN"
"8336","altamente inaceitavel","1","21","ChinSemIntro","C","EN"
"8336","altamente aceitavel","5","23","ChinComIntro","C","EN"
"8336","aceitavel","4","13","Top","C","EN"
"8336","altamente inaceitavel","1","3","ChinSemIntro","C","EN"
"8336","altamente aceitavel","5","14","ChinComIntro","C","EN"
"8336","altamente inaceitavel","1","12","ChinSemIntro","C","EN"
"8336","neutra","3","15","ChinSemIntro","C","EN"
"8336","altamente aceitavel","5","4","Top","C","EN"
"8336","altamente aceitavel","5","19","Top","C","EN"
"8336","altamente aceitavel","5","20","ChinComIntro","C","EN"
"8336","aceitavel","4","7","Top","C","EN"
"8336","inaceitavel","2","9","ChinSemIntro","C","EN"
"8336","altamente aceitavel","5","5","ChinComIntro","C","EN"
"8336","altamente aceitavel","5","11","ChinComIntro","C","EN"
"8336","neutra","3","16","Top","C","EN"
"8336","altamente aceitavel","5","8","ChinComIntro","C","EN"
"8336","neutra","3","18","ChinSemIntro","C","EN"
"8336","inaceitavel","2","24","ChinSemIntro","C","EN"
"8336","altamente inaceitavel","1","10","Top","C","EN"
"8336","altamente aceitavel","5","2","ChinComIntro","C","EN"
"8336","aceitavel","4","1","Top","C","EN"
"8336","aceitavel","4","22","Top","C","EN"
"8336","neutra","3","6","ChinSemIntro","C","EN"
"8336","altamente aceitavel","5","17","ChinComIntro","C","EN"
"8205","inaceitavel","2","8","ChinSemIntro","A","EN"
"8205","altamente aceitavel","5","22","ChinComIntro","A","EN"
"8205","inaceitavel","2","24","Top","A","EN"
"8205","aceitavel","4","21","Top","A","EN"
"8205","altamente aceitavel","5","10","ChinComIntro","A","EN"
"8205","altamente aceitavel","5","4","ChinComIntro","A","EN"
"8205","inaceitavel","2","23","ChinSemIntro","A","EN"
"8205","inaceitavel","2","15","Top","A","EN"
"8205","neutra","3","14","ChinSemIntro","A","EN"
"8205","altamente aceitavel","5","16","ChinComIntro","A","EN"
"8205","neutra","3","6","Top","A","EN"
"8205","altamente aceitavel","5","1","ChinComIntro","A","EN"
"8205","altamente aceitavel","5","13","ChinComIntro","A","EN"
"8205","altamente inaceitavel","1","17","ChinSemIntro","A","EN"
"8205","inaceitavel","2","18","Top","A","EN"
"8205","altamente inaceitavel","1","2","ChinSemIntro","A","EN"
"8205","altamente inaceitavel","1","20","ChinSemIntro","A","EN"
"8205","neutra","3","3","Top","A","EN"
"8205","aceitavel","4","7","ChinComIntro","A","EN"
"8205","inaceitavel","2","9","Top","A","EN"
"8205","altamente inaceitavel","1","11","ChinSemIntro","A","EN"
"8205","altamente aceitavel","5","19","ChinComIntro","A","EN"
"8205","inaceitavel","2","5","ChinSemIntro","A","EN"
"8205","inaceitavel","2","12","Top","A","EN"
"7272","neutra","3","8","ChinSemIntro","A","EN"
"7272","neutra","3","17","ChinSemIntro","A","EN"
"7272","neutra","3","1","ChinComIntro","A","EN"
"7272","altamente aceitavel","5","15","Top","A","EN"
"7272","neutra","3","12","Top","A","EN"
"7272","aceitavel","4","22","ChinComIntro","A","EN"
"7272","altamente aceitavel","5","20","ChinSemIntro","A","EN"
"7272","neutra","3","4","ChinComIntro","A","EN"
"7272","neutra","3","2","ChinSemIntro","A","EN"
"7272","neutra","3","13","ChinComIntro","A","EN"
"7272","neutra","3","11","ChinSemIntro","A","EN"
"7272","aceitavel","4","23","ChinSemIntro","A","EN"
"7272","neutra","3","7","ChinComIntro","A","EN"
"7272","altamente aceitavel","5","6","Top","A","EN"
"7272","neutra","3","3","Top","A","EN"
"7272","neutra","3","18","Top","A","EN"
"7272","neutra","3","19","ChinComIntro","A","EN"
"7272","aceitavel","4","21","Top","A","EN"
"7272","neutra","3","9","Top","A","EN"
"7272","neutra","3","24","Top","A","EN"
"7272","neutra","3","14","ChinSemIntro","A","EN"
"7272","neutra","3","10","ChinComIntro","A","EN"
"7272","neutra","3","5","ChinSemIntro","A","EN"
"7272","neutra","3","16","ChinComIntro","A","EN"
"5578","inaceitavel","2","22","ChinSemIntro","B","EN"
"5578","inaceitavel","2","7","ChinSemIntro","B","EN"
"5578","aceitavel","4","12","ChinComIntro","B","EN"
"5578","inaceitavel","2","23","Top","B","EN"
"5578","inaceitavel","2","4","ChinSemIntro","B","EN"
"5578","altamente aceitavel","5","6","ChinComIntro","B","EN"
"5578","inaceitavel","2","8","Top","B","EN"
"5578","inaceitavel","2","19","ChinSemIntro","B","EN"
"5578","aceitavel","4","5","Top","B","EN"
"5578","neutra","3","2","Top","B","EN"
"5578","aceitavel","4","21","ChinComIntro","B","EN"
"5578","inaceitavel","2","10","ChinSemIntro","B","EN"
"5578","inaceitavel","2","1","ChinSemIntro","B","EN"
"5578","inaceitavel","2","16","ChinSemIntro","B","EN"
"5578","altamente aceitavel","5","18","ChinComIntro","B","EN"
"5578","inaceitavel","2","13","ChinSemIntro","B","EN"
"5578","altamente aceitavel","5","15","ChinComIntro","B","EN"
"5578","inaceitavel","2","14","Top","B","EN"
"5578","neutra","3","11","Top","B","EN"
"5578","neutra","3","17","Top","B","EN"
"5578","altamente aceitavel","5","3","ChinComIntro","B","EN"
"5578","altamente aceitavel","5","24","ChinComIntro","B","EN"
"5578","aceitavel","4","20","Top","B","EN"
"5578","altamente aceitavel","5","9","ChinComIntro","B","EN"
"8254","neutra","3","22","ChinComIntro","A","EN"
"8254","neutra","3","10","ChinComIntro","A","EN"
"8254","inaceitavel","2","7","ChinComIntro","A","EN"
"8254","inaceitavel","2","24","Top","A","EN"
"8254","inaceitavel","2","15","Top","A","EN"
"8254","inaceitavel","2","9","Top","A","EN"
"8254","inaceitavel","2","5","ChinSemIntro","A","EN"
"8254","inaceitavel","2","21","Top","A","EN"
"8254","neutra","3","4","ChinComIntro","A","EN"
"8254","neutra","3","1","ChinComIntro","A","EN"
"8254","inaceitavel","2","11","ChinSemIntro","A","EN"
"8254","inaceitavel","2","8","ChinSemIntro","A","EN"
"8254","inaceitavel","2","14","ChinSemIntro","A","EN"
"8254","inaceitavel","2","2","ChinSemIntro","A","EN"
"8254","neutra","3","16","ChinComIntro","A","EN"
"8254","inaceitavel","2","17","ChinSemIntro","A","EN"
"8254","aceitavel","4","13","ChinComIntro","A","EN"
"8254","neutra","3","18","Top","A","EN"
"8254","neutra","3","6","Top","A","EN"
"8254","aceitavel","4","3","Top","A","EN"
"8254","inaceitavel","2","23","ChinSemIntro","A","EN"
"8254","neutra","3","12","Top","A","EN"
"8254","inaceitavel","2","20","ChinSemIntro","A","EN"
"8254","aceitavel","4","19","ChinComIntro","A","EN"
"8386","aceitavel","4","21","ChinSemIntro","C","EN"
"8386","aceitavel","4","8","ChinComIntro","C","EN"
"8386","aceitavel","4","11","ChinComIntro","C","EN"
"8386","inaceitavel","2","18","ChinSemIntro","C","EN"
"8386","inaceitavel","2","12","ChinSemIntro","C","EN"
"8386","neutra","3","4","Top","C","EN"
"8386","inaceitavel","2","1","Top","C","EN"
"8386","inaceitavel","2","16","Top","C","EN"
"8386","inaceitavel","2","15","ChinSemIntro","C","EN"
"8386","aceitavel","4","20","ChinComIntro","C","EN"
"8386","inaceitavel","2","14","ChinComIntro","C","EN"
"8386","inaceitavel","2","9","ChinSemIntro","C","EN"
"8386","neutra","3","5","ChinComIntro","C","EN"
"8386","altamente inaceitavel","1","24","ChinSemIntro","C","EN"
"8386","inaceitavel","2","7","Top","C","EN"
"8386","inaceitavel","2","6","ChinSemIntro","C","EN"
"8386","altamente aceitavel","5","23","ChinComIntro","C","EN"
"8386","neutra","3","22","Top","C","EN"
"8386","aceitavel","4","2","ChinComIntro","C","EN"
"8386","inaceitavel","2","17","ChinComIntro","C","EN"
"8386","inaceitavel","2","19","Top","C","EN"
"8386","altamente inaceitavel","1","13","Top","C","EN"
"8386","inaceitavel","2","3","ChinSemIntro","C","EN"
"8386","neutra","3","10","Top","C","EN"
"6743","aceitavel","4","21","Top","A","EN"
"6743","altamente inaceitavel","1","20","ChinSemIntro","A","EN"
"6743","neutra","3","10","ChinComIntro","A","EN"
"6743","aceitavel","4","18","Top","A","EN"
"6743","inaceitavel","2","11","ChinSemIntro","A","EN"
"6743","altamente inaceitavel","1","14","ChinSemIntro","A","EN"
"6743","neutra","3","15","Top","A","EN"
"6743","neutra","3","9","Top","A","EN"
"6743","inaceitavel","2","2","ChinSemIntro","A","EN"
"6743","aceitavel","4","3","Top","A","EN"
"6743","neutra","3","24","Top","A","EN"
"6743","neutra","3","17","ChinSemIntro","A","EN"
"6743","aceitavel","4","16","ChinComIntro","A","EN"
"6743","neutra","3","7","ChinComIntro","A","EN"
"6743","neutra","3","19","ChinComIntro","A","EN"
"6743","neutra","3","13","ChinComIntro","A","EN"
"6743","aceitavel","4","1","ChinComIntro","A","EN"
"6743","aceitavel","4","12","Top","A","EN"
"6743","inaceitavel","2","8","ChinSemIntro","A","EN"
"6743","inaceitavel","2","5","ChinSemIntro","A","EN"
"6743","aceitavel","4","6","Top","A","EN"
"6743","neutra","3","22","ChinComIntro","A","EN"
"6743","inaceitavel","2","23","ChinSemIntro","A","EN"
"6743","aceitavel","4","4","ChinComIntro","A","EN"
"8228","neutra","3","16","Top","C","EN"
"8228","aceitavel","4","5","ChinComIntro","C","EN"
"8228","aceitavel","4","1","Top","C","EN"
"8228","inaceitavel","2","18","ChinSemIntro","C","EN"
"8228","aceitavel","4","8","ChinComIntro","C","EN"
"8228","aceitavel","4","14","ChinComIntro","C","EN"
"8228","inaceitavel","2","15","ChinSemIntro","C","EN"
"8228","inaceitavel","2","4","Top","C","EN"
"8228","inaceitavel","2","3","ChinSemIntro","C","EN"
"8228","aceitavel","4","23","ChinComIntro","C","EN"
"8228","aceitavel","4","17","ChinComIntro","C","EN"
"8228","inaceitavel","2","9","ChinSemIntro","C","EN"
"8228","inaceitavel","2","7","Top","C","EN"
"8228","aceitavel","4","2","ChinComIntro","C","EN"
"8228","aceitavel","4","10","Top","C","EN"
"8228","neutra","3","19","Top","C","EN"
"8228","inaceitavel","2","24","ChinSemIntro","C","EN"
"8228","aceitavel","4","11","ChinComIntro","C","EN"
"8228","inaceitavel","2","12","ChinSemIntro","C","EN"
"8228","inaceitavel","2","21","ChinSemIntro","C","EN"
"8228","aceitavel","4","22","Top","C","EN"
"8228","inaceitavel","2","13","Top","C","EN"
"8228","inaceitavel","2","6","ChinSemIntro","C","EN"
"8228","aceitavel","4","20","ChinComIntro","C","EN"
"8217","altamente inaceitavel","1","17","ChinSemIntro","A","EN"
"8217","altamente aceitavel","5","1","ChinComIntro","A","EN"
"8217","inaceitavel","2","2","ChinSemIntro","A","EN"
"8217","inaceitavel","2","5","ChinSemIntro","A","EN"
"8217","neutra","3","10","ChinComIntro","A","EN"
"8217","aceitavel","4","4","ChinComIntro","A","EN"
"8217","aceitavel","4","22","ChinComIntro","A","EN"
"8217","aceitavel","4","13","ChinComIntro","A","EN"
"8217","neutra","3","3","Top","A","EN"
"8217","aceitavel","4","7","ChinComIntro","A","EN"
"8217","inaceitavel","2","8","ChinSemIntro","A","EN"
"8217","altamente inaceitavel","1","20","ChinSemIntro","A","EN"
"8217","altamente inaceitavel","1","11","ChinSemIntro","A","EN"
"8217","inaceitavel","2","15","Top","A","EN"
"8217","neutra","3","19","ChinComIntro","A","EN"
"8217","aceitavel","4","18","Top","A","EN"
"8217","neutra","3","6","Top","A","EN"
"8217","inaceitavel","2","9","Top","A","EN"
"8217","altamente inaceitavel","1","14","ChinSemIntro","A","EN"
"8217","altamente aceitavel","5","16","ChinComIntro","A","EN"
"8217","neutra","3","24","Top","A","EN"
"8217","neutra","3","23","ChinSemIntro","A","EN"
"8217","neutra","3","21","Top","A","EN"
"8217","neutra","3","12","Top","A","EN"
"6730","neutra","3","4","Top","C","EN"
"6730","neutra","3","6","ChinSemIntro","C","EN"
"6730","neutra","3","22","Top","C","EN"
"6730","neutra","3","23","ChinComIntro","C","EN"
"6730","neutra","3","10","Top","C","EN"
"6730","neutra","3","14","ChinComIntro","C","EN"
"6730","neutra","3","2","ChinComIntro","C","EN"
"6730","neutra","3","9","ChinSemIntro","C","EN"
"6730","neutra","3","7","Top","C","EN"
"6730","neutra","3","20","ChinComIntro","C","EN"
"6730","neutra","3","12","ChinSemIntro","C","EN"
"6730","neutra","3","1","Top","C","EN"
"6730","neutra","3","17","ChinComIntro","C","EN"
"6730","neutra","3","8","ChinComIntro","C","EN"
"6730","neutra","3","16","Top","C","EN"
"6730","neutra","3","3","ChinSemIntro","C","EN"
"6730","neutra","3","19","Top","C","EN"
"6730","neutra","3","13","Top","C","EN"
"6730","neutra","3","18","ChinSemIntro","C","EN"
"6730","neutra","3","11","ChinComIntro","C","EN"
"6730","neutra","3","24","ChinSemIntro","C","EN"
"6730","neutra","3","5","ChinComIntro","C","EN"
"6730","neutra","3","21","ChinSemIntro","C","EN"
"6730","neutra","3","15","ChinSemIntro","C","EN"
"8160","inaceitavel","2","24","Top","A","EN"
"8160","inaceitavel","2","3","Top","A","EN"
"8160","altamente aceitavel","5","7","ChinComIntro","A","EN"
"8160","altamente inaceitavel","1","20","ChinSemIntro","A","EN"
"8160","inaceitavel","2","12","Top","A","EN"
"8160","aceitavel","4","13","ChinComIntro","A","EN"
"8160","inaceitavel","2","11","ChinSemIntro","A","EN"
"8160","altamente aceitavel","5","16","ChinComIntro","A","EN"
"8160","neutra","3","1","ChinComIntro","A","EN"
"8160","inaceitavel","2","9","Top","A","EN"
"8160","inaceitavel","2","2","ChinSemIntro","A","EN"
"8160","altamente inaceitavel","1","14","ChinSemIntro","A","EN"
"8160","inaceitavel","2","21","Top","A","EN"
"8160","altamente inaceitavel","1","23","ChinSemIntro","A","EN"
"8160","neutra","3","18","Top","A","EN"
"8160","altamente inaceitavel","1","17","ChinSemIntro","A","EN"
"8160","neutra","3","22","ChinComIntro","A","EN"
"8160","altamente inaceitavel","1","8","ChinSemIntro","A","EN"
"8160","altamente inaceitavel","1","5","ChinSemIntro","A","EN"
"8160","aceitavel","4","10","ChinComIntro","A","EN"
"8160","altamente inaceitavel","1","15","Top","A","EN"
"8160","aceitavel","4","19","ChinComIntro","A","EN"
"8160","altamente inaceitavel","1","6","Top","A","EN"
"8160","neutra","3","4","ChinComIntro","A","EN"
"5374","neutra","3","13","Top","C","EN"
"5374","aceitavel","4","19","Top","C","EN"
"5374","altamente inaceitavel","1","3","ChinSemIntro","C","EN"
"5374","aceitavel","4","20","ChinComIntro","C","EN"
"5374","inaceitavel","2","6","ChinSemIntro","C","EN"
"5374","altamente inaceitavel","1","5","ChinComIntro","C","EN"
"5374","altamente aceitavel","5","14","ChinComIntro","C","EN"
"5374","altamente aceitavel","5","23","ChinComIntro","C","EN"
"5374","altamente inaceitavel","1","16","Top","C","EN"
"5374","inaceitavel","2","8","ChinComIntro","C","EN"
"5374","inaceitavel","2","12","ChinSemIntro","C","EN"
"5374","neutra","3","17","ChinComIntro","C","EN"
"5374","aceitavel","4","15","ChinSemIntro","C","EN"
"5374","inaceitavel","2","22","Top","C","EN"
"5374","aceitavel","4","10","Top","C","EN"
"5374","aceitavel","4","1","Top","C","EN"
"5374","inaceitavel","2","11","ChinComIntro","C","EN"
"5374","altamente aceitavel","5","4","Top","C","EN"
"5374","inaceitavel","2","18","ChinSemIntro","C","EN"
"5374","altamente inaceitavel","1","21","ChinSemIntro","C","EN"
"5374","aceitavel","4","7","Top","C","EN"
"5374","inaceitavel","2","9","ChinSemIntro","C","EN"
"5374","aceitavel","4","2","ChinComIntro","C","EN"
"5374","altamente inaceitavel","1","24","ChinSemIntro","C","EN"
"8146","aceitavel","4","22","ChinComIntro","A","EN"
"8146","neutra","3","20","ChinSemIntro","A","EN"
"8146","aceitavel","4","6","Top","A","EN"
"8146","aceitavel","4","21","Top","A","EN"
"8146","aceitavel","4","11","ChinSemIntro","A","EN"
"8146","altamente aceitavel","5","3","Top","A","EN"
"8146","aceitavel","4","18","Top","A","EN"
"8146","inaceitavel","2","8","ChinSemIntro","A","EN"
"8146","aceitavel","4","24","Top","A","EN"
"8146","neutra","3","14","ChinSemIntro","A","EN"
"8146","aceitavel","4","10","ChinComIntro","A","EN"
"8146","aceitavel","4","9","Top","A","EN"
"8146","aceitavel","4","5","ChinSemIntro","A","EN"
"8146","altamente aceitavel","5","7","ChinComIntro","A","EN"
"8146","altamente aceitavel","5","13","ChinComIntro","A","EN"
"8146","neutra","3","23","ChinSemIntro","A","EN"
"8146","altamente aceitavel","5","1","ChinComIntro","A","EN"
"8146","neutra","3","17","ChinSemIntro","A","EN"
"8146","aceitavel","4","15","Top","A","EN"
"8146","aceitavel","4","2","ChinSemIntro","A","EN"
"8146","aceitavel","4","4","ChinComIntro","A","EN"
"8146","aceitavel","4","16","ChinComIntro","A","EN"
"8146","neutra","3","12","Top","A","EN"
"8146","aceitavel","4","19","ChinComIntro","A","EN"
"8124","altamente inaceitavel","1","21","Top","A","EN"
"8124","aceitavel","4","7","ChinComIntro","A","EN"
"8124","aceitavel","4","13","ChinComIntro","A","EN"
"8124","altamente inaceitavel","1","20","ChinSemIntro","A","EN"
"8124","altamente inaceitavel","1","8","ChinSemIntro","A","EN"
"8124","altamente inaceitavel","1","6","Top","A","EN"
"8124","altamente inaceitavel","1","11","ChinSemIntro","A","EN"
"8124","altamente inaceitavel","1","24","Top","A","EN"
"8124","altamente inaceitavel","1","14","ChinSemIntro","A","EN"
"8124","aceitavel","4","19","ChinComIntro","A","EN"
"8124","aceitavel","4","16","ChinComIntro","A","EN"
"8124","neutra","3","9","Top","A","EN"
"8124","altamente aceitavel","5","1","ChinComIntro","A","EN"
"8124","aceitavel","4","4","ChinComIntro","A","EN"
"8124","altamente inaceitavel","1","5","ChinSemIntro","A","EN"
"8124","altamente inaceitavel","1","17","ChinSemIntro","A","EN"
"8124","aceitavel","4","10","ChinComIntro","A","EN"
"8124","altamente inaceitavel","1","15","Top","A","EN"
"8124","aceitavel","4","12","Top","A","EN"
"8124","inaceitavel","2","18","Top","A","EN"
"8124","aceitavel","4","3","Top","A","EN"
"8124","altamente inaceitavel","1","2","ChinSemIntro","A","EN"
"8124","altamente aceitavel","5","22","ChinComIntro","A","EN"
"8124","altamente inaceitavel","1","23","ChinSemIntro","A","EN"
"7509","altamente inaceitavel","1","24","Top","A","EN"
"7509","altamente inaceitavel","1","9","Top","A","EN"
"7509","neutra","3","16","ChinComIntro","A","EN"
"7509","altamente inaceitavel","1","15","Top","A","EN"
"7509","altamente inaceitavel","1","8","ChinSemIntro","A","EN"
"7509","altamente inaceitavel","1","18","Top","A","EN"
"7509","altamente inaceitavel","1","5","ChinSemIntro","A","EN"
"7509","neutra","3","4","ChinComIntro","A","EN"
"7509","altamente inaceitavel","1","12","Top","A","EN"
"7509","altamente inaceitavel","1","20","ChinSemIntro","A","EN"
"7509","aceitavel","4","7","ChinComIntro","A","EN"
"7509","inaceitavel","2","14","ChinSemIntro","A","EN"
"7509","inaceitavel","2","21","Top","A","EN"
"7509","aceitavel","4","22","ChinComIntro","A","EN"
"7509","inaceitavel","2","6","Top","A","EN"
"7509","aceitavel","4","19","ChinComIntro","A","EN"
"7509","altamente inaceitavel","1","17","ChinSemIntro","A","EN"
"7509","altamente aceitavel","5","1","ChinComIntro","A","EN"
"7509","inaceitavel","2","11","ChinSemIntro","A","EN"
"7509","altamente aceitavel","5","10","ChinComIntro","A","EN"
"7509","inaceitavel","2","3","Top","A","EN"
"7509","altamente inaceitavel","1","2","ChinSemIntro","A","EN"
"7509","altamente inaceitavel","1","23","ChinSemIntro","A","EN"
"7509","altamente aceitavel","5","13","ChinComIntro","A","EN"
"ENL201","neutra","3","23","Top","B","ENL2"
"ENL201","inaceitavel","2","13","ChinSemIntro","B","ENL2"
"ENL201","altamente aceitavel","5","18","ChinComIntro","B","ENL2"
"ENL201","altamente aceitavel","5","3","ChinComIntro","B","ENL2"
"ENL201","inaceitavel","2","4","ChinSemIntro","B","ENL2"
"ENL201","altamente aceitavel","5","9","ChinComIntro","B","ENL2"
"ENL201","inaceitavel","2","1","ChinSemIntro","B","ENL2"
"ENL201","inaceitavel","2","22","ChinSemIntro","B","ENL2"
"ENL201","aceitavel","4","2","Top","B","ENL2"
"ENL201","aceitavel","4","16","ChinSemIntro","B","ENL2"
"ENL201","altamente aceitavel","5","24","ChinComIntro","B","ENL2"
"ENL201","aceitavel","4","20","Top","B","ENL2"
"ENL201","neutra","3","11","Top","B","ENL2"
"ENL201","inaceitavel","2","8","Top","B","ENL2"
"ENL201","aceitavel","4","19","ChinSemIntro","B","ENL2"
"ENL201","inaceitavel","2","7","ChinSemIntro","B","ENL2"
"ENL201","altamente aceitavel","5","12","ChinComIntro","B","ENL2"
"ENL201","inaceitavel","2","14","Top","B","ENL2"
"ENL201","inaceitavel","2","10","ChinSemIntro","B","ENL2"
"ENL201","altamente aceitavel","5","21","ChinComIntro","B","ENL2"
"ENL201","inaceitavel","2","17","Top","B","ENL2"
"ENL201","altamente aceitavel","5","15","ChinComIntro","B","ENL2"
"ENL201","altamente aceitavel","5","6","ChinComIntro","B","ENL2"
"ENL201","inaceitavel","2","5","Top","B","ENL2"
"ENL202","aceitavel","4","23","ChinComIntro","C","ENL2"
"ENL202","inaceitavel","2","9","ChinSemIntro","C","ENL2"
"ENL202","neutra","3","19","Top","C","ENL2"
"ENL202","inaceitavel","2","12","ChinSemIntro","C","ENL2"
"ENL202","aceitavel","4","1","Top","C","ENL2"
"ENL202","inaceitavel","2","15","ChinSemIntro","C","ENL2"
"ENL202","inaceitavel","2","18","ChinSemIntro","C","ENL2"
"ENL202","aceitavel","4","10","Top","C","ENL2"
"ENL202","aceitavel","4","11","ChinComIntro","C","ENL2"
"ENL202","neutra","3","8","ChinComIntro","C","ENL2"
"ENL202","neutra","3","2","ChinComIntro","C","ENL2"
"ENL202","neutra","3","6","ChinSemIntro","C","ENL2"
"ENL202","neutra","3","4","Top","C","ENL2"
"ENL202","aceitavel","4","14","ChinComIntro","C","ENL2"
"ENL202","aceitavel","4","3","ChinSemIntro","C","ENL2"
"ENL202","neutra","3","13","Top","C","ENL2"
"ENL202","aceitavel","4","20","ChinComIntro","C","ENL2"
"ENL202","aceitavel","4","7","Top","C","ENL2"
"ENL202","aceitavel","4","21","ChinSemIntro","C","ENL2"
"ENL202","aceitavel","4","16","Top","C","ENL2"
"ENL202","neutra","3","5","ChinComIntro","C","ENL2"
"ENL202","aceitavel","4","17","ChinComIntro","C","ENL2"
"ENL202","aceitavel","4","24","ChinSemIntro","C","ENL2"
"ENL202","aceitavel","4","22","Top","C","ENL2"
"ENL203","aceitavel","4","11","Top","B","ENL2"
"ENL203","aceitavel","4","5","Top","B","ENL2"
"ENL203","altamente aceitavel","5","24","ChinComIntro","B","ENL2"
"ENL203","neutra","3","1","ChinSemIntro","B","ENL2"
"ENL203","altamente aceitavel","5","9","ChinComIntro","B","ENL2"
"ENL203","altamente aceitavel","5","3","ChinComIntro","B","ENL2"
"ENL203","neutra","3","23","Top","B","ENL2"
"ENL203","altamente aceitavel","5","2","Top","B","ENL2"
"ENL203","neutra","3","16","ChinSemIntro","B","ENL2"
"ENL203","aceitavel","4","20","Top","B","ENL2"
"ENL203","inaceitavel","2","19","ChinSemIntro","B","ENL2"
"ENL203","aceitavel","4","6","ChinComIntro","B","ENL2"
"ENL203","neutra","3","15","ChinComIntro","B","ENL2"
"ENL203","neutra","3","10","ChinSemIntro","B","ENL2"
"ENL203","neutra","3","22","ChinSemIntro","B","ENL2"
"ENL203","neutra","3","13","ChinSemIntro","B","ENL2"
"ENL203","aceitavel","4","12","ChinComIntro","B","ENL2"
"ENL203","altamente aceitavel","5","18","ChinComIntro","B","ENL2"
"ENL203","aceitavel","4","21","ChinComIntro","B","ENL2"
"ENL203","aceitavel","4","8","Top","B","ENL2"
"ENL203","neutra","3","7","ChinSemIntro","B","ENL2"
"ENL203","neutra","3","4","ChinSemIntro","B","ENL2"
"ENL203","neutra","3","14","Top","B","ENL2"
"ENL203","aceitavel","4","17","Top","B","ENL2"
"ENL204","altamente aceitavel","5","15","ChinComIntro","B","ENL2"
"ENL204","aceitavel","4","4","ChinSemIntro","B","ENL2"
"ENL204","inaceitavel","2","10","ChinSemIntro","B","ENL2"
"ENL204","aceitavel","4","12","ChinComIntro","B","ENL2"
"ENL204","aceitavel","4","21","ChinComIntro","B","ENL2"
"ENL204","aceitavel","4","14","Top","B","ENL2"
"ENL204","neutra","3","1","ChinSemIntro","B","ENL2"
"ENL204","neutra","3","5","Top","B","ENL2"
"ENL204","inaceitavel","2","7","ChinSemIntro","B","ENL2"
"ENL204","neutra","3","19","ChinSemIntro","B","ENL2"
"ENL204","aceitavel","4","9","ChinComIntro","B","ENL2"
"ENL204","neutra","3","2","Top","B","ENL2"
"ENL204","neutra","3","13","ChinSemIntro","B","ENL2"
"ENL204","inaceitavel","2","8","Top","B","ENL2"
"ENL204","aceitavel","4","3","ChinComIntro","B","ENL2"
"ENL204","aceitavel","4","18","ChinComIntro","B","ENL2"
"ENL204","inaceitavel","2","23","Top","B","ENL2"
"ENL204","neutra","3","11","Top","B","ENL2"
"ENL204","aceitavel","4","24","ChinComIntro","B","ENL2"
"ENL204","aceitavel","4","22","ChinSemIntro","B","ENL2"
"ENL204","aceitavel","4","6","ChinComIntro","B","ENL2"
"ENL204","neutra","3","17","Top","B","ENL2"
"ENL204","neutra","3","16","ChinSemIntro","B","ENL2"
"ENL204","aceitavel","4","20","Top","B","ENL2"
"ENL205","neutra","3","19","ChinSemIntro","B","ENL2"
"ENL205","inaceitavel","2","4","ChinSemIntro","B","ENL2"
"ENL205","neutra","3","17","Top","B","ENL2"
"ENL205","neutra","3","13","ChinSemIntro","B","ENL2"
"ENL205","neutra","3","10","ChinSemIntro","B","ENL2"
"ENL205","aceitavel","4","24","ChinComIntro","B","ENL2"
"ENL205","aceitavel","4","9","ChinComIntro","B","ENL2"
"ENL205","altamente aceitavel","5","5","Top","B","ENL2"
"ENL205","neutra","3","8","Top","B","ENL2"
"ENL205","inaceitavel","2","22","ChinSemIntro","B","ENL2"
"ENL205","aceitavel","4","6","ChinComIntro","B","ENL2"
"ENL205","inaceitavel","2","18","ChinComIntro","B","ENL2"
"ENL205","neutra","3","14","Top","B","ENL2"
"ENL205","aceitavel","4","11","Top","B","ENL2"
"ENL205","neutra","3","21","ChinComIntro","B","ENL2"
"ENL205","inaceitavel","2","1","ChinSemIntro","B","ENL2"
"ENL205","aceitavel","4","23","Top","B","ENL2"
"ENL205","aceitavel","4","3","ChinComIntro","B","ENL2"
"ENL205","neutra","3","16","ChinSemIntro","B","ENL2"
"ENL205","aceitavel","4","15","ChinComIntro","B","ENL2"
"ENL205","aceitavel","4","12","ChinComIntro","B","ENL2"
"ENL205","aceitavel","4","2","Top","B","ENL2"
"ENL205","altamente aceitavel","5","20","Top","B","ENL2"
"ENL205","neutra","3","7","ChinSemIntro","B","ENL2"
"ENL206","altamente aceitavel","5","10","ChinComIntro","A","ENL2"
"ENL206","altamente inaceitavel","1","2","ChinSemIntro","A","ENL2"
"ENL206","altamente inaceitavel","1","11","ChinSemIntro","A","ENL2"
"ENL206","aceitavel","4","1","ChinComIntro","A","ENL2"
"ENL206","aceitavel","4","7","ChinComIntro","A","ENL2"
"ENL206","altamente inaceitavel","1","15","Top","A","ENL2"
"ENL206","neutra","3","16","ChinComIntro","A","ENL2"
"ENL206","aceitavel","4","18","Top","A","ENL2"
"ENL206","aceitavel","4","4","ChinComIntro","A","ENL2"
"ENL206","neutra","3","9","Top","A","ENL2"
"ENL206","altamente inaceitavel","1","17","ChinSemIntro","A","ENL2"
"ENL206","aceitavel","4","22","ChinComIntro","A","ENL2"
"ENL206","altamente aceitavel","5","19","ChinComIntro","A","ENL2"
"ENL206","neutra","3","6","Top","A","ENL2"
"ENL206","inaceitavel","2","14","ChinSemIntro","A","ENL2"
"ENL206","aceitavel","4","13","ChinComIntro","A","ENL2"
"ENL206","aceitavel","4","3","Top","A","ENL2"
"ENL206","altamente inaceitavel","1","8","ChinSemIntro","A","ENL2"
"ENL206","altamente inaceitavel","1","23","ChinSemIntro","A","ENL2"
"ENL206","neutra","3","21","Top","A","ENL2"
"ENL206","inaceitavel","2","20","ChinSemIntro","A","ENL2"
"ENL206","inaceitavel","2","5","ChinSemIntro","A","ENL2"
"ENL206","neutra","3","12","Top","A","ENL2"
"ENL206","altamente inaceitavel","1","24","Top","A","ENL2"
"ENL207","altamente aceitavel","5","18","ChinComIntro","B","ENL2"
"ENL207","inaceitavel","2","8","Top","B","ENL2"
"ENL207","neutra","3","17","Top","B","ENL2"
"ENL207","inaceitavel","2","22","ChinSemIntro","B","ENL2"
"ENL207","inaceitavel","2","23","Top","B","ENL2"
"ENL207","aceitavel","4","2","Top","B","ENL2"
"ENL207","neutra","3","14","Top","B","ENL2"
"ENL207","inaceitavel","2","1","ChinSemIntro","B","ENL2"
"ENL207","aceitavel","4","20","Top","B","ENL2"
"ENL207","altamente inaceitavel","1","7","ChinSemIntro","B","ENL2"
"ENL207","altamente inaceitavel","1","13","ChinSemIntro","B","ENL2"
"ENL207","inaceitavel","2","19","ChinSemIntro","B","ENL2"
"ENL207","neutra","3","12","ChinComIntro","B","ENL2"
"ENL207","inaceitavel","2","4","ChinSemIntro","B","ENL2"
"ENL207","inaceitavel","2","10","ChinSemIntro","B","ENL2"
"ENL207","aceitavel","4","3","ChinComIntro","B","ENL2"
"ENL207","aceitavel","4","24","ChinComIntro","B","ENL2"
"ENL207","neutra","3","11","Top","B","ENL2"
"ENL207","neutra","3","5","Top","B","ENL2"
"ENL207","neutra","3","6","ChinComIntro","B","ENL2"
"ENL207","aceitavel","4","9","ChinComIntro","B","ENL2"
"ENL207","neutra","3","15","ChinComIntro","B","ENL2"
"ENL207","neutra","3","16","ChinSemIntro","B","ENL2"
"ENL207","neutra","3","21","ChinComIntro","B","ENL2"
"ENL208","aceitavel","4","6","ChinSemIntro","C","ENL2"
"ENL208","altamente aceitavel","5","17","ChinComIntro","C","ENL2"
"ENL208","inaceitavel","2","24","ChinSemIntro","C","ENL2"
"ENL208","altamente aceitavel","5","23","ChinComIntro","C","ENL2"
"ENL208","inaceitavel","2","21","ChinSemIntro","C","ENL2"
"ENL208","aceitavel","4","16","Top","C","ENL2"
"ENL208","inaceitavel","2","3","ChinSemIntro","C","ENL2"
"ENL208","altamente inaceitavel","1","18","ChinSemIntro","C","ENL2"
"ENL208","inaceitavel","2","22","Top","C","ENL2"
"ENL208","altamente aceitavel","5","11","ChinComIntro","C","ENL2"
"ENL208","altamente aceitavel","5","5","ChinComIntro","C","ENL2"
"ENL208","altamente aceitavel","5","10","Top","C","ENL2"
"ENL208","altamente aceitavel","5","20","ChinComIntro","C","ENL2"
"ENL208","altamente inaceitavel","1","15","ChinSemIntro","C","ENL2"
"ENL208","altamente aceitavel","5","7","Top","C","ENL2"
"ENL208","aceitavel","4","13","Top","C","ENL2"
"ENL208","altamente aceitavel","5","2","ChinComIntro","C","ENL2"
"ENL208","altamente aceitavel","5","8","ChinComIntro","C","ENL2"
"ENL208","aceitavel","4","4","Top","C","ENL2"
"ENL208","inaceitavel","2","9","ChinSemIntro","C","ENL2"
"ENL208","altamente aceitavel","5","19","Top","C","ENL2"
"ENL208","altamente aceitavel","5","14","ChinComIntro","C","ENL2"
"ENL208","inaceitavel","2","12","ChinSemIntro","C","ENL2"
"ENL208","aceitavel","4","1","Top","C","ENL2"
"ENL209","neutra","3","8","Top","B","ENL2"
"ENL209","inaceitavel","2","13","ChinSemIntro","B","ENL2"
"ENL209","altamente inaceitavel","1","4","ChinSemIntro","B","ENL2"
"ENL209","altamente aceitavel","5","6","ChinComIntro","B","ENL2"
"ENL209","neutra","3","14","Top","B","ENL2"
"ENL209","inaceitavel","2","10","ChinSemIntro","B","ENL2"
"ENL209","aceitavel","4","2","Top","B","ENL2"
"ENL209","inaceitavel","2","7","ChinSemIntro","B","ENL2"
"ENL209","inaceitavel","2","23","Top","B","ENL2"
"ENL209","altamente aceitavel","5","15","ChinComIntro","B","ENL2"
"ENL209","aceitavel","4","5","Top","B","ENL2"
"ENL209","altamente inaceitavel","1","22","ChinSemIntro","B","ENL2"
"ENL209","altamente aceitavel","5","24","ChinComIntro","B","ENL2"
"ENL209","aceitavel","4","20","Top","B","ENL2"
"ENL209","inaceitavel","2","19","ChinSemIntro","B","ENL2"
"ENL209","aceitavel","4","11","Top","B","ENL2"
"ENL209","altamente aceitavel","5","3","ChinComIntro","B","ENL2"
"ENL209","neutra","3","12","ChinComIntro","B","ENL2"
"ENL209","aceitavel","4","18","ChinComIntro","B","ENL2"
"ENL209","inaceitavel","2","16","ChinSemIntro","B","ENL2"
"ENL209","inaceitavel","2","1","ChinSemIntro","B","ENL2"
"ENL209","inaceitavel","2","17","Top","B","ENL2"
"ENL209","altamente aceitavel","5","21","ChinComIntro","B","ENL2"
"ENL209","altamente aceitavel","5","9","ChinComIntro","B","ENL2"
"ENL210","aceitavel","4","22","Top","C","ENL2"
"ENL210","altamente aceitavel","5","14","ChinComIntro","C","ENL2"
"ENL210","neutra","3","5","ChinComIntro","C","ENL2"
"ENL210","inaceitavel","2","6","ChinSemIntro","C","ENL2"
"ENL210","altamente aceitavel","5","4","Top","C","ENL2"
"ENL210","aceitavel","4","16","Top","C","ENL2"
"ENL210","altamente inaceitavel","1","12","ChinSemIntro","C","ENL2"
"ENL210","altamente aceitavel","5","7","Top","C","ENL2"
"ENL210","altamente aceitavel","5","8","ChinComIntro","C","ENL2"
"ENL210","altamente aceitavel","5","23","ChinComIntro","C","ENL2"
"ENL210","altamente aceitavel","5","19","Top","C","ENL2"
"ENL210","aceitavel","4","10","Top","C","ENL2"
"ENL210","altamente aceitavel","5","17","ChinComIntro","C","ENL2"
"ENL210","inaceitavel","2","3","ChinSemIntro","C","ENL2"
"ENL210","inaceitavel","2","9","ChinSemIntro","C","ENL2"
"ENL210","altamente aceitavel","5","1","Top","C","ENL2"
"ENL210","inaceitavel","2","21","ChinSemIntro","C","ENL2"
"ENL210","altamente aceitavel","5","13","Top","C","ENL2"
"ENL210","aceitavel","4","2","ChinComIntro","C","ENL2"
"ENL210","altamente aceitavel","5","11","ChinComIntro","C","ENL2"
"ENL210","altamente aceitavel","5","20","ChinComIntro","C","ENL2"
"ENL210","aceitavel","4","18","ChinSemIntro","C","ENL2"
"ENL210","neutra","3","15","ChinSemIntro","C","ENL2"
"ENL210","aceitavel","4","24","ChinSemIntro","C","ENL2"
"ENL211","aceitavel","4","4","Top","C","ENL2"
"ENL211","inaceitavel","2","13","Top","C","ENL2"
"ENL211","inaceitavel","2","22","Top","C","ENL2"
"ENL211","neutra","3","16","Top","C","ENL2"
"ENL211","inaceitavel","2","9","ChinSemIntro","C","ENL2"
"ENL211","neutra","3","1","Top","C","ENL2"
"ENL211","neutra","3","10","Top","C","ENL2"
"ENL211","neutra","3","5","ChinComIntro","C","ENL2"
"ENL211","neutra","3","2","ChinComIntro","C","ENL2"
"ENL211","aceitavel","4","11","ChinComIntro","C","ENL2"
"ENL211","inaceitavel","2","24","ChinSemIntro","C","ENL2"
"ENL211","neutra","3","21","ChinSemIntro","C","ENL2"
"ENL211","neutra","3","8","ChinComIntro","C","ENL2"
"ENL211","aceitavel","4","18","ChinSemIntro","C","ENL2"
"ENL211","aceitavel","4","3","ChinSemIntro","C","ENL2"
"ENL211","neutra","3","14","ChinComIntro","C","ENL2"
"ENL211","neutra","3","6","ChinSemIntro","C","ENL2"
"ENL211","inaceitavel","2","15","ChinSemIntro","C","ENL2"
"ENL211","aceitavel","4","17","ChinComIntro","C","ENL2"
"ENL211","aceitavel","4","20","ChinComIntro","C","ENL2"
"ENL211","neutra","3","12","ChinSemIntro","C","ENL2"
"ENL211","neutra","3","19","Top","C","ENL2"
"ENL211","aceitavel","4","23","ChinComIntro","C","ENL2"
"ENL211","aceitavel","4","7","Top","C","ENL2"
"ENL212","aceitavel","4","2","Top","B","ENL2"
"ENL212","altamente aceitavel","5","13","ChinSemIntro","B","ENL2"
"ENL212","altamente aceitavel","5","9","ChinComIntro","B","ENL2"
"ENL212","aceitavel","4","4","ChinSemIntro","B","ENL2"
"ENL212","altamente aceitavel","5","24","ChinComIntro","B","ENL2"
"ENL212","altamente aceitavel","5","7","ChinSemIntro","B","ENL2"
"ENL212","altamente aceitavel","5","5","Top","B","ENL2"
"ENL212","aceitavel","4","17","Top","B","ENL2"
"ENL212","aceitavel","4","23","Top","B","ENL2"
"ENL212","altamente aceitavel","5","3","ChinComIntro","B","ENL2"
"ENL212","altamente aceitavel","5","20","Top","B","ENL2"
"ENL212","altamente aceitavel","5","15","ChinComIntro","B","ENL2"
"ENL212","altamente aceitavel","5","21","ChinComIntro","B","ENL2"
"ENL212","altamente aceitavel","5","11","Top","B","ENL2"
"ENL212","altamente aceitavel","5","8","Top","B","ENL2"
"ENL212","altamente aceitavel","5","6","ChinComIntro","B","ENL2"
"ENL212","aceitavel","4","1","ChinSemIntro","B","ENL2"
"ENL212","aceitavel","4","22","ChinSemIntro","B","ENL2"
"ENL212","aceitavel","4","10","ChinSemIntro","B","ENL2"
"ENL212","aceitavel","4","19","ChinSemIntro","B","ENL2"
"ENL212","aceitavel","4","12","ChinComIntro","B","ENL2"
"ENL212","neutra","3","14","Top","B","ENL2"
"ENL212","altamente aceitavel","5","16","ChinSemIntro","B","ENL2"
"ENL212","altamente aceitavel","5","18","ChinComIntro","B","ENL2"
"ENL213","altamente aceitavel","5","3","ChinSemIntro","C","ENL2"
"ENL213","altamente aceitavel","5","23","ChinComIntro","C","ENL2"
"ENL213","altamente aceitavel","5","14","ChinComIntro","C","ENL2"
"ENL213","altamente aceitavel","5","22","Top","C","ENL2"
"ENL213","aceitavel","4","9","ChinSemIntro","C","ENL2"
"ENL213","altamente aceitavel","5","17","ChinComIntro","C","ENL2"
"ENL213","inaceitavel","2","12","ChinSemIntro","C","ENL2"
"ENL213","altamente aceitavel","5","5","ChinComIntro","C","ENL2"
"ENL213","inaceitavel","2","24","ChinSemIntro","C","ENL2"
"ENL213","aceitavel","4","19","Top","C","ENL2"
"ENL213","inaceitavel","2","18","ChinSemIntro","C","ENL2"
"ENL213","altamente aceitavel","5","7","Top","C","ENL2"
"ENL213","altamente aceitavel","5","2","ChinComIntro","C","ENL2"
"ENL213","altamente aceitavel","5","1","Top","C","ENL2"
"ENL213","aceitavel","4","4","Top","C","ENL2"
"ENL213","altamente inaceitavel","1","21","ChinSemIntro","C","ENL2"
"ENL213","altamente aceitavel","5","8","ChinComIntro","C","ENL2"
"ENL213","neutra","3","10","Top","C","ENL2"
"ENL213","altamente aceitavel","5","20","ChinComIntro","C","ENL2"
"ENL213","aceitavel","4","6","ChinSemIntro","C","ENL2"
"ENL213","inaceitavel","2","15","ChinSemIntro","C","ENL2"
"ENL213","altamente aceitavel","5","11","ChinComIntro","C","ENL2"
"ENL213","aceitavel","4","13","Top","C","ENL2"
"ENL213","altamente aceitavel","5","16","Top","C","ENL2"
"ENL214","neutra","3","20","ChinSemIntro","A","ENL2"
"ENL214","altamente inaceitavel","1","8","ChinSemIntro","A","ENL2"
"ENL214","aceitavel","4","7","ChinComIntro","A","ENL2"
"ENL214","altamente aceitavel","5","10","ChinComIntro","A","ENL2"
"ENL214","aceitavel","4","16","ChinComIntro","A","ENL2"
"ENL214","aceitavel","4","22","ChinComIntro","A","ENL2"
"ENL214","inaceitavel","2","9","Top","A","ENL2"
"ENL214","inaceitavel","2","6","Top","A","ENL2"
"ENL214","inaceitavel","2","15","Top","A","ENL2"
"ENL214","neutra","3","18","Top","A","ENL2"
"ENL214","altamente inaceitavel","1","24","Top","A","ENL2"
"ENL214","altamente inaceitavel","1","14","ChinSemIntro","A","ENL2"
"ENL214","altamente inaceitavel","1","5","ChinSemIntro","A","ENL2"
"ENL214","neutra","3","1","ChinComIntro","A","ENL2"
"ENL214","neutra","3","4","ChinComIntro","A","ENL2"
"ENL214","altamente inaceitavel","1","23","ChinSemIntro","A","ENL2"
"ENL214","neutra","3","12","Top","A","ENL2"
"ENL214","inaceitavel","2","21","Top","A","ENL2"
"ENL214","altamente inaceitavel","1","11","ChinSemIntro","A","ENL2"
"ENL214","inaceitavel","2","2","ChinSemIntro","A","ENL2"
"ENL214","inaceitavel","2","3","Top","A","ENL2"
"ENL214","neutra","3","13","ChinComIntro","A","ENL2"
"ENL214","inaceitavel","2","17","ChinSemIntro","A","ENL2"
"ENL214","aceitavel","4","19","ChinComIntro","A","ENL2"
"ENL215","aceitavel","4","10","ChinSemIntro","B","ENL2"
"ENL215","altamente aceitavel","5","9","ChinComIntro","B","ENL2"
"ENL215","altamente aceitavel","5","1","ChinSemIntro","B","ENL2"
"ENL215","aceitavel","4","23","Top","B","ENL2"
"ENL215","altamente aceitavel","5","3","ChinComIntro","B","ENL2"
"ENL215","altamente aceitavel","5","6","ChinComIntro","B","ENL2"
"ENL215","altamente aceitavel","5","5","Top","B","ENL2"
"ENL215","aceitavel","4","2","Top","B","ENL2"
"ENL215","altamente aceitavel","5","20","Top","B","ENL2"
"ENL215","altamente aceitavel","5","21","ChinComIntro","B","ENL2"
"ENL215","altamente aceitavel","5","18","ChinComIntro","B","ENL2"
"ENL215","altamente aceitavel","5","22","ChinSemIntro","B","ENL2"
"ENL215","altamente aceitavel","5","12","ChinComIntro","B","ENL2"
"ENL215","altamente aceitavel","5","17","Top","B","ENL2"
"ENL215","altamente aceitavel","5","11","Top","B","ENL2"
"ENL215","aceitavel","4","19","ChinSemIntro","B","ENL2"
"ENL215","aceitavel","4","13","ChinSemIntro","B","ENL2"
"ENL215","altamente aceitavel","5","7","ChinSemIntro","B","ENL2"
"ENL215","altamente aceitavel","5","16","ChinSemIntro","B","ENL2"
"ENL215","altamente aceitavel","5","15","ChinComIntro","B","ENL2"
"ENL215","altamente aceitavel","5","8","Top","B","ENL2"
"ENL215","altamente aceitavel","5","24","ChinComIntro","B","ENL2"
"ENL215","aceitavel","4","4","ChinSemIntro","B","ENL2"
"ENL215","altamente aceitavel","5","14","Top","B","ENL2"
"ENL216","altamente aceitavel","5","23","ChinComIntro","C","ENL2"
"ENL216","altamente aceitavel","5","8","ChinComIntro","C","ENL2"
"ENL216","altamente inaceitavel","1","18","ChinSemIntro","C","ENL2"
"ENL216","aceitavel","4","14","ChinComIntro","C","ENL2"
"ENL216","neutra","3","13","Top","C","ENL2"
"ENL216","aceitavel","4","21","ChinSemIntro","C","ENL2"
"ENL216","aceitavel","4","19","Top","C","ENL2"
"ENL216","aceitavel","4","20","ChinComIntro","C","ENL2"
"ENL216","altamente inaceitavel","1","6","ChinSemIntro","C","ENL2"
"ENL216","inaceitavel","2","3","ChinSemIntro","C","ENL2"
"ENL216","aceitavel","4","16","Top","C","ENL2"
"ENL216","altamente aceitavel","5","7","Top","C","ENL2"
"ENL216","aceitavel","4","1","Top","C","ENL2"
"ENL216","altamente inaceitavel","1","10","Top","C","ENL2"
"ENL216","aceitavel","4","22","Top","C","ENL2"
"ENL216","altamente inaceitavel","1","24","ChinSemIntro","C","ENL2"
"ENL216","altamente aceitavel","5","11","ChinComIntro","C","ENL2"
"ENL216","aceitavel","4","4","Top","C","ENL2"
"ENL216","aceitavel","4","5","ChinComIntro","C","ENL2"
"ENL216","aceitavel","4","17","ChinComIntro","C","ENL2"
"ENL216","aceitavel","4","15","ChinSemIntro","C","ENL2"
"ENL216","altamente inaceitavel","1","9","ChinSemIntro","C","ENL2"
"ENL216","altamente inaceitavel","1","12","ChinSemIntro","C","ENL2"
"ENL216","inaceitavel","2","2","ChinComIntro","C","ENL2"
"ENL217","altamente aceitavel","5","22","ChinComIntro","A","ENL2"
"ENL217","altamente aceitavel","5","16","ChinComIntro","A","ENL2"
"ENL217","neutra","3","9","Top","A","ENL2"
"ENL217","altamente aceitavel","5","19","ChinComIntro","A","ENL2"
"ENL217","altamente aceitavel","5","13","ChinComIntro","A","ENL2"
"ENL217","neutra","3","8","ChinSemIntro","A","ENL2"
"ENL217","neutra","3","12","Top","A","ENL2"
"ENL217","neutra","3","17","ChinSemIntro","A","ENL2"
"ENL217","altamente aceitavel","5","7","ChinComIntro","A","ENL2"
"ENL217","neutra","3","24","Top","A","ENL2"
"ENL217","altamente aceitavel","5","2","ChinSemIntro","A","ENL2"
"ENL217","altamente aceitavel","5","6","Top","A","ENL2"
"ENL217","altamente aceitavel","5","23","ChinSemIntro","A","ENL2"
"ENL217","neutra","3","18","Top","A","ENL2"
"ENL217","altamente aceitavel","5","14","ChinSemIntro","A","ENL2"
"ENL217","neutra","3","15","Top","A","ENL2"
"ENL217","neutra","3","5","ChinSemIntro","A","ENL2"
"ENL217","altamente aceitavel","5","20","ChinSemIntro","A","ENL2"
"ENL217","neutra","3","3","Top","A","ENL2"
"ENL217","altamente aceitavel","5","10","ChinComIntro","A","ENL2"
"ENL217","altamente aceitavel","5","4","ChinComIntro","A","ENL2"
"ENL217","altamente aceitavel","5","11","ChinSemIntro","A","ENL2"
"ENL217","altamente aceitavel","5","1","ChinComIntro","A","ENL2"
"ENL217","neutra","3","21","Top","A","ENL2"
"ENL218","altamente aceitavel","5","10","Top","C","ENL2"
"ENL218","aceitavel","4","20","ChinComIntro","C","ENL2"
"ENL218","neutra","3","15","ChinSemIntro","C","ENL2"
"ENL218","aceitavel","4","2","ChinComIntro","C","ENL2"
"ENL218","neutra","3","3","ChinSemIntro","C","ENL2"
"ENL218","altamente aceitavel","5","19","Top","C","ENL2"
"ENL218","neutra","3","9","ChinSemIntro","C","ENL2"
"ENL218","aceitavel","4","13","Top","C","ENL2"
"ENL218","aceitavel","4","14","ChinComIntro","C","ENL2"
"ENL218","aceitavel","4","24","ChinSemIntro","C","ENL2"
"ENL218","altamente aceitavel","5","5","ChinComIntro","C","ENL2"
"ENL218","neutra","3","6","ChinSemIntro","C","ENL2"
"ENL218","neutra","3","22","Top","C","ENL2"
"ENL218","neutra","3","18","ChinSemIntro","C","ENL2"
"ENL218","altamente aceitavel","5","16","Top","C","ENL2"
"ENL218","altamente aceitavel","5","4","Top","C","ENL2"
"ENL218","neutra","3","21","ChinSemIntro","C","ENL2"
"ENL218","altamente aceitavel","5","23","ChinComIntro","C","ENL2"
"ENL218","altamente aceitavel","5","8","ChinComIntro","C","ENL2"
"ENL218","altamente aceitavel","5","1","Top","C","ENL2"
"ENL218","altamente aceitavel","5","17","ChinComIntro","C","ENL2"
"ENL218","aceitavel","4","7","Top","C","ENL2"
"ENL218","altamente aceitavel","5","11","ChinComIntro","C","ENL2"
"ENL218","neutra","3","12","ChinSemIntro","C","ENL2"
"ENL219","altamente aceitavel","5","3","Top","A","ENL2"
"ENL219","aceitavel","4","23","ChinSemIntro","A","ENL2"
"ENL219","altamente aceitavel","5","21","Top","A","ENL2"
"ENL219","aceitavel","4","2","ChinSemIntro","A","ENL2"
"ENL219","altamente aceitavel","5","5","ChinSemIntro","A","ENL2"
"ENL219","altamente aceitavel","5","20","ChinSemIntro","A","ENL2"
"ENL219","altamente aceitavel","5","16","ChinComIntro","A","ENL2"
"ENL219","altamente aceitavel","5","6","Top","A","ENL2"
"ENL219","altamente aceitavel","5","7","ChinComIntro","A","ENL2"
"ENL219","altamente aceitavel","5","14","ChinSemIntro","A","ENL2"
"ENL219","altamente aceitavel","5","17","ChinSemIntro","A","ENL2"
"ENL219","altamente aceitavel","5","15","Top","A","ENL2"
"ENL219","altamente aceitavel","5","4","ChinComIntro","A","ENL2"
"ENL219","altamente aceitavel","5","19","ChinComIntro","A","ENL2"
"ENL219","altamente aceitavel","5","12","Top","A","ENL2"
"ENL219","altamente aceitavel","5","8","ChinSemIntro","A","ENL2"
"ENL219","altamente aceitavel","5","1","ChinComIntro","A","ENL2"
"ENL219","altamente aceitavel","5","22","ChinComIntro","A","ENL2"
"ENL219","aceitavel","4","10","ChinComIntro","A","ENL2"
"ENL219","altamente aceitavel","5","24","Top","A","ENL2"
"ENL219","altamente aceitavel","5","18","Top","A","ENL2"
"ENL219","altamente aceitavel","5","13","ChinComIntro","A","ENL2"
"ENL219","altamente aceitavel","5","11","ChinSemIntro","A","ENL2"
"ENL219","altamente aceitavel","5","9","Top","A","ENL2"
"ENL220","altamente aceitavel","5","2","Top","B","ENL2"
"ENL220","aceitavel","4","12","ChinComIntro","B","ENL2"
"ENL220","aceitavel","4","1","ChinSemIntro","B","ENL2"
"ENL220","altamente aceitavel","5","9","ChinComIntro","B","ENL2"
"ENL220","altamente aceitavel","5","15","ChinComIntro","B","ENL2"
"ENL220","altamente aceitavel","5","18","ChinComIntro","B","ENL2"
"ENL220","altamente aceitavel","5","20","Top","B","ENL2"
"ENL220","inaceitavel","2","10","ChinSemIntro","B","ENL2"
"ENL220","altamente aceitavel","5","8","Top","B","ENL2"
"ENL220","neutra","3","22","ChinSemIntro","B","ENL2"
"ENL220","altamente aceitavel","5","6","ChinComIntro","B","ENL2"
"ENL220","altamente aceitavel","5","23","Top","B","ENL2"
"ENL220","aceitavel","4","13","ChinSemIntro","B","ENL2"
"ENL220","altamente aceitavel","5","5","Top","B","ENL2"
"ENL220","altamente aceitavel","5","11","Top","B","ENL2"
"ENL220","aceitavel","4","16","ChinSemIntro","B","ENL2"
"ENL220","altamente aceitavel","5","24","ChinComIntro","B","ENL2"
"ENL220","altamente aceitavel","5","3","ChinComIntro","B","ENL2"
"ENL220","altamente aceitavel","5","21","ChinComIntro","B","ENL2"
"ENL220","aceitavel","4","4","ChinSemIntro","B","ENL2"
"ENL220","aceitavel","4","19","ChinSemIntro","B","ENL2"
"ENL220","altamente aceitavel","5","14","Top","B","ENL2"
"ENL220","altamente aceitavel","5","17","Top","B","ENL2"
"ENL220","aceitavel","4","7","ChinSemIntro","B","ENL2"
"ENL221","inaceitavel","2","23","ChinComIntro","C","ENL2"
"ENL221","aceitavel","4","10","Top","C","ENL2"
"ENL221","altamente aceitavel","5","7","Top","C","ENL2"
"ENL221","altamente inaceitavel","1","18","ChinSemIntro","C","ENL2"
"ENL221","inaceitavel","2","24","ChinSemIntro","C","ENL2"
"ENL221","neutra","3","5","ChinComIntro","C","ENL2"
"ENL221","altamente aceitavel","5","4","Top","C","ENL2"
"ENL221","aceitavel","4","17","ChinComIntro","C","ENL2"
"ENL221","inaceitavel","2","21","ChinSemIntro","C","ENL2"
"ENL221","neutra","3","20","ChinComIntro","C","ENL2"
"ENL221","neutra","3","11","ChinComIntro","C","ENL2"
"ENL221","neutra","3","14","ChinComIntro","C","ENL2"
"ENL221","aceitavel","4","22","Top","C","ENL2"
"ENL221","aceitavel","4","9","ChinSemIntro","C","ENL2"
"ENL221","aceitavel","4","19","Top","C","ENL2"
"ENL221","neutra","3","13","Top","C","ENL2"
"ENL221","inaceitavel","2","12","ChinSemIntro","C","ENL2"
"ENL221","neutra","3","6","ChinSemIntro","C","ENL2"
"ENL221","altamente inaceitavel","1","15","ChinSemIntro","C","ENL2"
"ENL221","neutra","3","2","ChinComIntro","C","ENL2"
"ENL221","neutra","3","8","ChinComIntro","C","ENL2"
"ENL221","aceitavel","4","16","Top","C","ENL2"
"ENL221","neutra","3","3","ChinSemIntro","C","ENL2"
"ENL221","aceitavel","4","1","Top","C","ENL2"
"ENL222","altamente inaceitavel","1","23","ChinSemIntro","A","ENL2"
"ENL222","altamente inaceitavel","1","20","ChinSemIntro","A","ENL2"
"ENL222","neutra","3","21","Top","A","ENL2"
"ENL222","aceitavel","4","18","Top","A","ENL2"
"ENL222","inaceitavel","2","11","ChinSemIntro","A","ENL2"
"ENL222","aceitavel","4","24","Top","A","ENL2"
"ENL222","altamente aceitavel","5","1","ChinComIntro","A","ENL2"
"ENL222","altamente aceitavel","5","7","ChinComIntro","A","ENL2"
"ENL222","aceitavel","4","9","Top","A","ENL2"
"ENL222","aceitavel","4","4","ChinComIntro","A","ENL2"
"ENL222","neutra","3","17","ChinSemIntro","A","ENL2"
"ENL222","neutra","3","2","ChinSemIntro","A","ENL2"
"ENL222","neutra","3","6","Top","A","ENL2"
"ENL222","aceitavel","4","13","ChinComIntro","A","ENL2"
"ENL222","inaceitavel","2","14","ChinSemIntro","A","ENL2"
"ENL222","aceitavel","4","16","ChinComIntro","A","ENL2"
"ENL222","aceitavel","4","10","ChinComIntro","A","ENL2"
"ENL222","inaceitavel","2","15","Top","A","ENL2"
"ENL222","inaceitavel","2","12","Top","A","ENL2"
"ENL222","aceitavel","4","19","ChinComIntro","A","ENL2"
"ENL222","neutra","3","5","ChinSemIntro","A","ENL2"
"ENL222","neutra","3","3","Top","A","ENL2"
"ENL222","inaceitavel","2","8","ChinSemIntro","A","ENL2"
"ENL222","aceitavel","4","22","ChinComIntro","A","ENL2"
"ENL223","altamente aceitavel","5","2","ChinComIntro","C","ENL2"
"ENL223","inaceitavel","2","15","ChinSemIntro","C","ENL2"
"ENL223","aceitavel","4","24","ChinSemIntro","C","ENL2"
"ENL223","aceitavel","4","4","Top","C","ENL2"
"ENL223","altamente aceitavel","5","14","ChinComIntro","C","ENL2"
"ENL223","aceitavel","4","13","Top","C","ENL2"
"ENL223","aceitavel","4","6","ChinSemIntro","C","ENL2"
"ENL223","aceitavel","4","12","ChinSemIntro","C","ENL2"
"ENL223","aceitavel","4","22","Top","C","ENL2"
"ENL223","aceitavel","4","19","Top","C","ENL2"
"ENL223","altamente aceitavel","5","11","ChinComIntro","C","ENL2"
"ENL223","altamente aceitavel","5","7","Top","C","ENL2"
"ENL223","aceitavel","4","1","Top","C","ENL2"
"ENL223","aceitavel","4","20","ChinComIntro","C","ENL2"
"ENL223","altamente aceitavel","5","17","ChinComIntro","C","ENL2"
"ENL223","altamente aceitavel","5","18","ChinSemIntro","C","ENL2"
"ENL223","aceitavel","4","8","ChinComIntro","C","ENL2"
"ENL223","aceitavel","4","21","ChinSemIntro","C","ENL2"
"ENL223","altamente aceitavel","5","5","ChinComIntro","C","ENL2"
"ENL223","inaceitavel","2","23","ChinComIntro","C","ENL2"
"ENL223","aceitavel","4","10","Top","C","ENL2"
"ENL223","aceitavel","4","16","Top","C","ENL2"
"ENL223","aceitavel","4","3","ChinSemIntro","C","ENL2"
"ENL223","aceitavel","4","9","ChinSemIntro","C","ENL2"
"ENL224","altamente aceitavel","5","19","ChinComIntro","A","ENL2"
"ENL224","altamente aceitavel","5","1","ChinComIntro","A","ENL2"
"ENL224","aceitavel","4","3","Top","A","ENL2"
"ENL224","aceitavel","4","15","Top","A","ENL2"
"ENL224","altamente aceitavel","5","7","ChinComIntro","A","ENL2"
"ENL224","altamente aceitavel","5","4","ChinComIntro","A","ENL2"
"ENL224","altamente aceitavel","5","18","Top","A","ENL2"
"ENL224","altamente inaceitavel","1","8","ChinSemIntro","A","ENL2"
"ENL224","aceitavel","4","2","ChinSemIntro","A","ENL2"
"ENL224","altamente aceitavel","5","16","ChinComIntro","A","ENL2"
"ENL224","aceitavel","4","21","Top","A","ENL2"
"ENL224","aceitavel","4","6","Top","A","ENL2"
"ENL224","inaceitavel","2","24","Top","A","ENL2"
"ENL224","aceitavel","4","17","ChinSemIntro","A","ENL2"
"ENL224","neutra","3","14","ChinSemIntro","A","ENL2"
"ENL224","altamente aceitavel","5","9","Top","A","ENL2"
"ENL224","altamente aceitavel","5","13","ChinComIntro","A","ENL2"
"ENL224","altamente aceitavel","5","10","ChinComIntro","A","ENL2"
"ENL224","altamente aceitavel","5","12","Top","A","ENL2"
"ENL224","altamente aceitavel","5","22","ChinComIntro","A","ENL2"
"ENL224","neutra","3","11","ChinSemIntro","A","ENL2"
"ENL224","neutra","3","5","ChinSemIntro","A","ENL2"
"ENL224","inaceitavel","2","20","ChinSemIntro","A","ENL2"
"ENL224","aceitavel","4","23","ChinSemIntro","A","ENL2"
"ENL225","neutra","3","6","Top","A","ENL2"
"ENL225","inaceitavel","2","15","Top","A","ENL2"
"ENL225","inaceitavel","2","18","Top","A","ENL2"
"ENL225","altamente inaceitavel","1","23","ChinSemIntro","A","ENL2"
"ENL225","aceitavel","4","22","ChinComIntro","A","ENL2"
"ENL225","neutra","3","1","ChinComIntro","A","ENL2"
"ENL225","inaceitavel","2","20","ChinSemIntro","A","ENL2"
"ENL225","inaceitavel","2","21","Top","A","ENL2"
"ENL225","neutra","3","16","ChinComIntro","A","ENL2"
"ENL225","inaceitavel","2","2","ChinSemIntro","A","ENL2"
"ENL225","inaceitavel","2","9","Top","A","ENL2"
"ENL225","inaceitavel","2","5","ChinSemIntro","A","ENL2"
"ENL225","inaceitavel","2","24","Top","A","ENL2"
"ENL225","inaceitavel","2","14","ChinSemIntro","A","ENL2"
"ENL225","neutra","3","4","ChinComIntro","A","ENL2"
"ENL225","inaceitavel","2","11","ChinSemIntro","A","ENL2"
"ENL225","neutra","3","10","ChinComIntro","A","ENL2"
"ENL225","neutra","3","19","ChinComIntro","A","ENL2"
"ENL225","neutra","3","12","Top","A","ENL2"
"ENL225","aceitavel","4","13","ChinComIntro","A","ENL2"
"ENL225","inaceitavel","2","3","Top","A","ENL2"
"ENL225","neutra","3","17","ChinSemIntro","A","ENL2"
"ENL225","inaceitavel","2","8","ChinSemIntro","A","ENL2"
"ENL225","aceitavel","4","7","ChinComIntro","A","ENL2"
"ENL226","inaceitavel","2","15","Top","A","ENL2"
"ENL226","inaceitavel","2","13","ChinComIntro","A","ENL2"
"ENL226","altamente inaceitavel","1","8","ChinSemIntro","A","ENL2"
"ENL226","aceitavel","4","7","ChinComIntro","A","ENL2"
"ENL226","altamente inaceitavel","1","11","ChinSemIntro","A","ENL2"
"ENL226","inaceitavel","2","2","ChinSemIntro","A","ENL2"
"ENL226","aceitavel","4","4","ChinComIntro","A","ENL2"
"ENL226","inaceitavel","2","5","ChinSemIntro","A","ENL2"
"ENL226","aceitavel","4","22","ChinComIntro","A","ENL2"
"ENL226","neutra","3","12","Top","A","ENL2"
"ENL226","inaceitavel","2","17","ChinSemIntro","A","ENL2"
"ENL226","neutra","3","20","ChinSemIntro","A","ENL2"
"ENL226","altamente aceitavel","5","1","ChinComIntro","A","ENL2"
"ENL226","aceitavel","4","19","ChinComIntro","A","ENL2"
"ENL226","aceitavel","4","10","ChinComIntro","A","ENL2"
"ENL226","inaceitavel","2","18","Top","A","ENL2"
"ENL226","neutra","3","9","Top","A","ENL2"
"ENL226","inaceitavel","2","23","ChinSemIntro","A","ENL2"
"ENL226","altamente aceitavel","5","16","ChinComIntro","A","ENL2"
"ENL226","inaceitavel","2","3","Top","A","ENL2"
"ENL226","inaceitavel","2","14","ChinSemIntro","A","ENL2"
"ENL226","neutra","3","24","Top","A","ENL2"
"ENL226","inaceitavel","2","6","Top","A","ENL2"
"ENL226","neutra","3","21","Top","A","ENL2"
"ENL227","altamente aceitavel","5","12","Top","A","ENL2"
"ENL227","inaceitavel","2","4","ChinComIntro","A","ENL2"
"ENL227","altamente aceitavel","5","14","ChinSemIntro","A","ENL2"
"ENL227","altamente aceitavel","5","23","ChinSemIntro","A","ENL2"
"ENL227","inaceitavel","2","8","ChinSemIntro","A","ENL2"
"ENL227","altamente aceitavel","5","10","ChinComIntro","A","ENL2"
"ENL227","inaceitavel","2","5","ChinSemIntro","A","ENL2"
"ENL227","altamente aceitavel","5","15","Top","A","ENL2"
"ENL227","altamente aceitavel","5","7","ChinComIntro","A","ENL2"
"ENL227","altamente aceitavel","5","24","Top","A","ENL2"
"ENL227","altamente aceitavel","5","1","ChinComIntro","A","ENL2"
"ENL227","altamente aceitavel","5","11","ChinSemIntro","A","ENL2"
"ENL227","altamente aceitavel","5","3","Top","A","ENL2"
"ENL227","altamente aceitavel","5","20","ChinSemIntro","A","ENL2"
"ENL227","altamente aceitavel","5","21","Top","A","ENL2"
"ENL227","inaceitavel","2","17","ChinSemIntro","A","ENL2"
"ENL227","altamente aceitavel","5","9","Top","A","ENL2"
"ENL227","altamente aceitavel","5","22","ChinComIntro","A","ENL2"
"ENL227","altamente aceitavel","5","18","Top","A","ENL2"
"ENL227","altamente aceitavel","5","13","ChinComIntro","A","ENL2"
"ENL227","altamente aceitavel","5","19","ChinComIntro","A","ENL2"
"ENL227","altamente inaceitavel","1","2","ChinSemIntro","A","ENL2"
"ENL227","altamente aceitavel","5","6","Top","A","ENL2"
"ENL227","altamente aceitavel","5","16","ChinComIntro","A","ENL2"
